Year,NOC,Bronze,Gold,Silver,Total_Medals,Participated,Medal_Winner,Previous_Medals,Previous_2_Medals_Avg,WDI_Code,GDP_per_capita,Population,Life_Expectancy
1988,AFG,0.0,0.0,0.0,0.0,1,0,0.0,0.0,AFG,3232.570068130985,11523298.0,43.238
1988,AHO,0.0,0.0,1.0,1.0,1,1,0.0,0.0,CUW,3232.570068130985,149254.0,72.23
1988,ALG,0.0,0.0,0.0,0.0,1,0,2.0,1.0,DZA,2450.87242078961,24109536.0,66.91
1988,AND,0.0,0.0,0.0,0.0,1,0,0.0,0.0,AND,14599.0355178798,49416.0,78.364
1988,ANG,0.0,0.0,0.0,0.0,1,0,0.0,0.0,AGO,807.439628386237,10861291.0,41.471
1988,ANT,0.0,0.0,0.0,0.0,1,0,0.0,0.0,ATG,6466.15683473424,63623.0,73.811
1988,ARG,1.0,0.0,1.0,2.0,1,1,0.0,0.0,ARG,3992.70330179156,31780532.0,71.097
1988,ARU,0.0,0.0,0.0,0.0,1,0,0.0,0.0,ABW,10056.2613927414,59331.0,72.519
1988,ASA,0.0,0.0,0.0,0.0,1,0,0.0,0.0,ASM,3232.570068130985,43615.0,70.883
1988,AUS,5.0,3.0,6.0,14.0,1,1,24.0,16.5,AUS,14303.093047615,16532164.0,76.4326829268293
1988,AUT,0.0,1.0,0.0,1.0,1,1,3.0,3.5,AUT,17509.7658683817,7585317.0,75.2170731707317
1988,BAH,0.0,0.0,0.0,0.0,1,0,0.0,0.0,BHS,10575.797153666,266448.0,70.508
1988,BAN,0.0,0.0,0.0,0.0,1,0,0.0,0.0,BGD,247.901465967332,107216008.0,55.174
1988,BAR,0.0,0.0,0.0,0.0,1,0,0.0,0.0,BRB,7032.65370811416,257763.0,73.431
1988,BEL,2.0,0.0,0.0,2.0,1,1,4.0,2.5,BEL,16391.093827791,9901664.0,75.5658536585366
1988,BEN,0.0,0.0,0.0,0.0,1,0,0.0,0.0,BEN,326.179757700303,4967341.0,52.019
1988,BER,0.0,0.0,0.0,0.0,1,0,0.0,0.5,BMU,24958.1127004004,56699.0,73.555
1988,BHU,0.0,0.0,0.0,0.0,1,0,0.0,0.0,BTN,488.877757351253,556986.0,54.385
1988,BIZ,0.0,0.0,0.0,0.0,1,0,0.0,0.0,BLZ,2405.81116565818,175180.0,69.401
1988,BOL,0.0,0.0,0.0,0.0,1,0,0.0,0.0,BOL,672.607268146683,6835508.0,55.505
1988,BOT,0.0,0.0,0.0,0.0,1,0,0.0,0.0,BWA,2140.51439180359,1235476.0,61.696
1988,BRA,3.0,1.0,2.0,6.0,1,1,8.0,6.0,BRA,2140.65027561164,143826357.0,65.161
1988,BRN,0.0,0.0,0.0,0.0,1,0,0.0,0.0,BHR,8771.7853534009,479929.0,72.46
1988,BUL,13.0,10.0,12.0,35.0,1,1,41.0,31.5,BGR,2561.16929364177,8981446.0,71.6043902439024
1988,BUR,0.0,0.0,0.0,0.0,1,0,0.0,0.0,BFA,301.129214663833,8687435.0,49.215
1988,CAF,0.0,0.0,0.0,0.0,1,0,0.0,0.0,CAF,466.070596898859,2713965.0,50.243
1988,CAN,5.0,3.0,2.0,10.0,1,1,44.0,27.5,CAN,19012.5723278349,26791747.0,76.8587804878049
1988,CAY,0.0,0.0,0.0,0.0,1,0,0.0,0.0,CYM,3232.570068130985,23951.0,72.351
1988,CGO,0.0,0.0,0.0,0.0,1,0,0.0,0.0,COG,984.376285838246,2247653.0,57.493
1988,CHA,0.0,0.0,0.0,0.0,1,0,0.0,0.0,TCD,263.544647841815,5625602.0,46.352
1988,CHI,0.0,0.0,1.0,1.0,1,1,0.0,0.0,CHL,2013.53987790886,12999424.0,72.788
1988,CHN,12.0,5.0,11.0,28.0,1,1,32.0,16.0,CHN,284.023573149686,1101630000.0,67.607
1988,CIV,0.0,0.0,0.0,0.0,1,0,1.0,0.5,CIV,909.534182158689,11275189.0,53.062
1988,CMR,0.0,0.0,0.0,0.0,1,0,1.0,0.5,CMR,1145.16555992416,10684968.0,54.359
1988,COD,0.0,0.0,0.0,0.0,1,0,0.0,0.0,COD,257.725151748806,34382752.0,47.755
1988,COK,0.0,0.0,0.0,0.0,1,0,0.0,0.0,COK,3232.570068130985,6577959.0,70.65100000000001
1988,COL,1.0,0.0,0.0,1.0,1,1,1.0,0.5,COL,1259.6174112078,31130524.0,68.301
1988,CRC,0.0,0.0,1.0,1.0,1,1,0.0,0.0,CRI,1554.74048522018,2968103.0,75.546
1988,CYP,0.0,0.0,0.0,0.0,1,0,0.0,0.0,CYP,7645.6298828125,766235.0,75.39
1988,DEN,1.0,2.0,1.0,4.0,1,1,6.0,5.5,DNK,22524.5792595476,5129516.0,74.7717073170732
1988,DJI,1.0,0.0,0.0,1.0,1,1,0.0,0.0,DJI,816.874614065329,484523.0,55.133
1988,DOM,0.0,0.0,0.0,0.0,1,0,1.0,0.5,DOM,783.913142122635,6855734.0,66.914
1988,ECU,0.0,0.0,0.0,0.0,1,0,0.0,0.0,ECU,1303.77906073184,10010808.0,67.038
1988,EGY,0.0,0.0,0.0,0.0,1,0,1.0,0.5,EGY,633.839369496566,55187681.0,61.358
1988,ESA,0.0,0.0,0.0,0.0,1,0,0.0,0.0,SLV,806.392353256927,5195833.0,59.977
1988,ESP,2.0,1.0,1.0,4.0,1,1,5.0,5.5,ESP,9696.1928538538,38766939.0,76.7470731707317
1988,FIJ,0.0,0.0,0.0,0.0,1,0,0.0,0.0,FJI,1463.04720165947,758697.0,64.951
1988,FIN,2.0,1.0,1.0,4.0,1,1,12.0,10.0,FIN,22043.7701596288,4946481.0,74.5770731707317
1988,FRA,6.0,6.0,4.0,16.0,1,1,28.0,21.0,FRA,17549.6440487161,57598186.0,76.1
1988,FRG,15.0,11.0,14.0,40.0,1,1,59.0,49.0,DEU,17996.9783507619,78144619.0,74.9987317073171
1988,GAB,0.0,0.0,0.0,0.0,1,0,0.0,0.0,GAB,4118.60473032795,931020.0,60.398
1988,GAM,0.0,0.0,0.0,0.0,1,0,0.0,0.0,GMB,274.874465999589,970160.0,50.146
1988,GBR,9.0,5.0,10.0,24.0,1,1,37.0,29.0,GBR,15987.1680775688,56928327.0,75.3804878048781
1988,GDR,30.0,37.0,35.0,102.0,1,1,126.0,108.0,DEU,17996.9783507619,78144619.0,74.9987317073171
1988,GEQ,0.0,0.0,0.0,0.0,1,0,0.0,0.0,GNQ,228.669232827247,439651.0,51.184
1988,GHA,0.0,0.0,0.0,0.0,1,0,0.0,0.5,GHA,355.121844932881,14636568.0,54.396
1988,GRE,1.0,0.0,0.0,1.0,1,1,2.0,2.5,GRC,7492.35204811251,10036983.0,76.9481951219512
1988,GRN,0.0,0.0,0.0,0.0,1,0,0.0,0.0,GRD,2404.25523562379,98308.0,70.045
1988,GUA,0.0,0.0,0.0,0.0,1,0,0.0,0.0,GTM,919.070773138882,8532099.0,61.538
1988,GUI,0.0,0.0,0.0,0.0,1,0,0.0,0.0,GIN,574.001127225182,6056574.0,46.478
1988,GUM,0.0,0.0,0.0,0.0,1,0,0.0,0.0,GUM,3232.570068130985,132799.0,73.429
1988,GUY,0.0,0.0,0.0,0.0,1,0,0.0,0.5,GUY,544.715209244099,759663.0,61.849
1988,HAI,0.0,0.0,0.0,0.0,1,0,0.0,0.0,HTI,397.365336276412,6578145.0,52.554
1988,HKG,0.0,0.0,0.0,0.0,1,0,0.0,0.0,CHN,284.023573149686,1101630000.0,67.607
1988,HON,0.0,0.0,0.0,0.0,1,0,0.0,0.0,HND,1039.29410284648,4707677.0,64.393
1988,HUN,6.0,11.0,6.0,23.0,1,1,32.0,27.0,HUN,2812.23754602897,10596487.0,70.0234146341463
1988,INA,0.0,0.0,1.0,1.0,1,1,0.0,0.0,IDN,476.662483405818,176855065.0,62.386
1988,IND,0.0,0.0,0.0,0.0,1,0,0.0,0.5,IND,358.484539641693,827342990.0,57.744
1988,IRI,0.0,0.0,1.0,1.0,1,1,2.0,2.5,IRN,2234.46235141335,55072694.0,63.255
1988,IRL,0.0,0.0,0.0,0.0,1,0,1.0,1.5,IRL,10715.8702780539,3524949.0,74.4394146341463
1988,IRQ,0.0,0.0,0.0,0.0,1,0,0.0,0.0,IRQ,3707.20841763297,16908819.0,56.692
1988,ISL,0.0,0.0,0.0,0.0,1,0,1.0,0.5,ISL,25306.6926061001,249740.0,77.0829268292683
1988,ISR,0.0,0.0,0.0,0.0,1,0,0.0,0.0,ISR,11845.6681707365,4442000.0,74.4365853658537
1988,ISV,0.0,0.0,1.0,1.0,1,1,0.0,0.0,VIR,3232.570068130985,100952.0,70.3924146341463
1988,ITA,4.0,6.0,4.0,14.0,1,1,32.0,23.5,ITA,15780.9495122174,56629288.0,76.3707317073171
1988,IVB,0.0,0.0,0.0,0.0,1,0,0.0,0.0,VGB,3232.570068130985,14680.0,71.763
1988,JAM,0.0,0.0,2.0,2.0,1,1,3.0,3.0,JAM,1632.01481656159,2345777.0,71.161
1988,JOR,0.0,0.0,0.0,0.0,1,0,0.0,0.0,JOR,1965.98031813995,3193039.0,69.605
1988,JPN,7.0,4.0,3.0,14.0,1,1,31.0,28.0,JPN,26036.864097278,122578000.0,78.349756097561
1988,KEN,2.0,5.0,2.0,9.0,1,1,3.0,6.0,KEN,391.238771204282,21356219.0,60.32
1988,KOR,11.0,12.0,10.0,33.0,1,1,19.0,12.5,KOR,4888.68509195605,42031247.0,70.5487804878049
1988,KSA,0.0,0.0,0.0,0.0,1,0,0.0,0.0,SAU,9165.49615323397,9629165.0,67.814
1988,KUW,0.0,0.0,0.0,0.0,1,0,0.0,0.0,KWT,9692.34754600725,2134707.0,74.9282682926829
1988,LAO,0.0,0.0,0.0,0.0,1,0,0.0,0.0,LAO,147.070942942331,4072601.0,53.077
1988,LBA,0.0,0.0,0.0,0.0,1,0,0.0,0.0,LBY,5736.28243992278,4237755.0,68.608
1988,LBR,0.0,0.0,0.0,0.0,1,0,0.0,0.0,LBR,424.325719336919,2446941.0,44.065
1988,LES,0.0,0.0,0.0,0.0,1,0,0.0,0.0,LSO,270.36712009929,1739841.0,59.572
1988,LIB,0.0,0.0,0.0,0.0,1,0,0.0,0.5,LBN,959.153901867443,3454649.0,62.92
1988,LIE,0.0,0.0,0.0,0.0,1,0,0.0,0.0,LIE,41568.5441182755,27948.0,77.8447317073171
1988,LUX,0.0,0.0,0.0,0.0,1,0,0.0,0.0,LUX,25219.3542781732,373450.0,74.1201951219512
1988,MAR,2.0,1.0,0.0,3.0,1,1,2.0,1.0,MAR,1086.03527832031,23500524.0,61.231
1988,MAS,0.0,0.0,0.0,0.0,1,0,0.0,0.0,MYS,2099.95467656701,16796605.0,70.551
1988,MAW,0.0,0.0,0.0,0.0,1,0,0.0,0.0,MWI,229.421843922728,8753262.0,43.569
1988,MDV,0.0,0.0,0.0,0.0,1,0,0.0,0.0,MDV,799.082501719284,210885.0,61.59
1988,MEX,2.0,0.0,0.0,2.0,1,1,6.0,5.0,MEX,2278.81222720992,79695531.0,68.299
1988,MGL,1.0,0.0,0.0,1.0,1,1,4.0,2.5,MNG,1543.33555521093,2076322.0,57.4803414634146
1988,MLI,0.0,0.0,0.0,0.0,1,0,0.0,0.0,MLI,307.019371606958,8833996.0,45.72
1988,MLT,0.0,0.0,0.0,0.0,1,0,0.0,0.0,MLT,5814.44775940093,347325.0,75.7509024390244
1988,MON,0.0,0.0,0.0,0.0,1,0,0.0,0.0,MCO,67180.5763713568,29781.0,79.408
1988,MOZ,0.0,0.0,0.0,0.0,1,0,0.0,0.0,MOZ,3232.570068130985,12800558.0,43.691
1988,MRI,0.0,0.0,0.0,0.0,1,0,0.0,0.0,MUS,2073.59238787189,1043239.0,69.5606097560976
1988,MTN,0.0,0.0,0.0,0.0,1,0,0.0,0.0,MRT,762.423918016846,1855859.0,57.483
1988,MYA,0.0,0.0,0.0,0.0,1,0,0.0,0.0,MMR,39.9236088878004,38600927.0,56.57
1988,NED,5.0,2.0,2.0,9.0,1,1,13.0,8.0,NLD,17770.6162376388,14760094.0,76.890243902439
1988,NEP,0.0,0.0,0.0,0.0,1,0,0.0,0.0,NPL,187.084777621975,18638661.0,53.109
1988,NGR,0.0,0.0,0.0,0.0,1,0,2.0,1.0,NGA,539.539468397166,92020090.0,45.834
1988,NIG,0.0,0.0,0.0,0.0,1,0,0.0,0.5,NER,292.587878484489,7793748.0,40.791
1988,NOR,0.0,2.0,3.0,5.0,1,1,3.0,2.5,NOR,24111.6310594146,4209488.0,76.2204878048781
1988,NZL,8.0,3.0,2.0,13.0,1,1,11.0,5.5,NZL,13759.1556295922,3283400.0,74.4243902439024
1988,OMA,0.0,0.0,0.0,0.0,1,0,0.0,0.0,OMN,5279.10411437183,1588568.0,67.718
1988,PAK,1.0,0.0,0.0,1.0,1,1,1.0,1.0,PAK,353.85454278549,108724739.0,59.36
1988,PAN,0.0,0.0,0.0,0.0,1,0,0.0,0.0,PAN,2508.78229277879,2352848.0,70.945
1988,PAR,0.0,0.0,0.0,0.0,1,0,0.0,0.0,PRY,1113.89406863138,3820546.0,66.71
1988,PER,0.0,0.0,1.0,1.0,1,1,1.0,0.5,PER,733.299784874657,21054702.0,62.995
1988,PHI,1.0,0.0,0.0,1.0,1,1,0.0,0.0,PHL,722.343718454247,59739052.0,63.711
1988,PNG,0.0,0.0,0.0,0.0,1,0,0.0,0.0,PNG,984.993556016427,3711880.0,59.381
1988,POL,9.0,2.0,5.0,16.0,1,1,32.0,29.0,POL,3232.570068130985,37824487.0,71.3317073170732
1988,POR,0.0,1.0,0.0,1.0,1,1,3.0,1.5,PRT,5623.69699982123,10019610.0,73.7146341463415
1988,PUR,0.0,0.0,0.0,0.0,1,0,2.0,1.0,PRI,7595.44465611829,3473898.0,73.153
1988,QAT,0.0,0.0,0.0,0.0,1,0,0.0,0.0,QAT,14682.0213127986,411264.0,72.836
1988,ROU,6.0,7.0,11.0,24.0,1,1,52.0,38.5,ROU,1753.19285632198,23057662.0,69.3880487804878
1988,RWA,0.0,0.0,0.0,0.0,1,0,0.0,0.0,RWA,343.781325823561,6968071.0,50.914
1988,SAM,0.0,0.0,0.0,0.0,1,0,0.0,0.0,WSM,790.134992313838,168346.0,67.328
1988,SEN,0.0,0.0,1.0,1.0,1,1,0.0,0.0,SEN,880.487755138196,7289618.0,55.546
1988,SGP,0.0,0.0,0.0,0.0,1,0,0.0,0.0,,3232.570068130985,6577959.0,70.65100000000001
1988,SLE,0.0,0.0,0.0,0.0,1,0,0.0,0.0,SLE,268.160979625957,3934517.0,43.765
1988,SMR,0.0,0.0,0.0,0.0,1,0,0.0,0.0,SMR,3232.570068130985,22843.0,77.544
1988,SOL,0.0,0.0,0.0,0.0,1,0,0.0,0.0,SLB,567.022935580171,311265.0,65.866
1988,SOM,0.0,0.0,0.0,0.0,1,0,0.0,0.0,SOM,145.341346820158,7235360.0,43.933
1988,SRI,0.0,0.0,0.0,0.0,1,0,0.0,0.0,LKA,434.015552780537,16078621.0,68.995
1988,SUD,0.0,0.0,0.0,0.0,1,0,0.0,0.0,SDN,553.07861328125,21138431.0,54.984
1988,SUI,2.0,0.0,2.0,4.0,1,1,8.0,5.0,CHE,33183.0267583533,6593386.0,77.2265853658537
1988,SUR,0.0,1.0,0.0,1.0,1,1,0.0,0.0,SUR,2886.42980207694,402227.0,61.477
1988,SWE,7.0,0.0,4.0,11.0,1,1,19.0,15.5,SWE,24499.1240758517,8436489.0,76.9792682926829
1988,SWZ,0.0,0.0,0.0,0.0,1,0,0.0,0.0,SWZ,865.25154443731,799798.0,61.934
1988,SYR,0.0,0.0,0.0,0.0,1,0,1.0,0.5,SYR,897.70876335774,11782264.0,69.172
1988,TAN,0.0,0.0,0.0,0.0,1,0,0.0,1.0,TZA,307.50634765625,24769686.0,52.224
1988,TCH,2.0,3.0,3.0,8.0,1,1,14.0,11.0,CZE,3232.570068130985,10355276.0,71.6414634146342
1988,TGA,0.0,0.0,0.0,0.0,1,0,0.0,0.0,TON,1077.6835915018,98969.0,67.321
1988,THA,1.0,0.0,0.0,1.0,1,1,1.0,1.0,THA,1164.20096229495,52969595.0,68.194
1988,TOG,0.0,0.0,0.0,0.0,1,0,0.0,0.0,TGO,556.09976573928,3501545.0,54.911
1988,TPE,0.0,0.0,0.0,0.0,1,0,1.0,0.5,,3232.570068130985,6577959.0,70.65100000000001
1988,TTO,0.0,0.0,0.0,0.0,1,0,0.0,0.0,TTO,3655.81977035897,1230069.0,67.379
1988,TUN,0.0,0.0,0.0,0.0,1,0,0.0,0.0,TUN,1266.07583258953,7974440.0,68.456
1988,TUR,0.0,1.0,1.0,2.0,1,1,3.0,1.5,TUR,1685.69479240535,53909626.0,66.902
1988,UAE,0.0,0.0,0.0,0.0,1,0,0.0,0.0,ARE,21569.6710149303,1681788.0,70.808
1988,UGA,0.0,0.0,0.0,0.0,1,0,0.0,0.5,UGA,395.187660960924,16470483.0,47.476
1988,URS,46.0,54.0,31.0,131.0,1,1,195.0,160.0,,3232.570068130985,6577959.0,70.65100000000001
1988,URU,0.0,0.0,0.0,0.0,1,0,0.0,0.0,URY,2677.19777690993,3067961.0,72.408
1988,USA,27.0,36.0,31.0,94.0,1,1,173.0,133.5,USA,21417.0119305191,244499000.0,74.7658536585366
1988,VAN,0.0,0.0,0.0,0.0,1,0,0.0,0.0,VUT,1125.00616977712,140756.0,65.699
1988,VEN,0.0,0.0,0.0,0.0,1,0,3.0,2.0,VEN,3191.47633742656,18871020.0,70.762
1988,VIE,0.0,0.0,0.0,0.0,1,0,0.0,0.0,VNM,404.559305078888,62843228.0,68.585
1988,VIN,0.0,0.0,0.0,0.0,1,0,0.0,0.0,VCT,1813.93765107441,110658.0,70.607
1988,YAR,0.0,0.0,0.0,0.0,1,0,0.0,0.0,,3232.570068130985,6577959.0,70.65100000000001
1988,YMD,0.0,0.0,0.0,0.0,1,0,0.0,0.0,,3232.570068130985,6577959.0,70.65100000000001
1988,YUG,5.0,3.0,4.0,12.0,1,1,18.0,13.5,SRB,3232.570068130985,7884218.0,71.9700487804878
1988,ZAM,0.0,0.0,0.0,0.0,1,0,1.0,0.5,ZMB,504.486020154114,7391440.0,49.674
1988,ZIM,0.0,0.0,0.0,0.0,1,0,0.0,0.5,ZWE,815.89246404532,9583094.0,60.241
1992,AHO,0.0,0.0,0.0,0.0,1,0,1.0,0.5,CUW,3232.570068130985,143912.0,72.65
1992,ALB,0.0,0.0,0.0,0.0,1,0,0.0,0.0,ALB,200.852219772323,3247039.0,73.303
1992,ALG,1.0,1.0,0.0,2.0,1,1,0.0,1.0,DZA,1802.69300801289,26628568.0,67.725
1992,AND,0.0,0.0,0.0,0.0,1,0,0.0,0.0,AND,20099.5352208543,60200.0,79.794
1992,ANG,0.0,0.0,0.0,0.0,1,0,0.0,0.0,AGO,668.706017459877,12423712.0,42.267
1992,ANT,0.0,0.0,0.0,0.0,1,0,0.0,0.0,ATG,8153.73786307269,64404.0,73.386
1992,ARG,1.0,0.0,0.0,1.0,1,1,2.0,1.0,ARG,6789.99611136495,33693527.0,72.096
1992,ARU,0.0,0.0,0.0,0.0,1,0,0.0,0.0,ABW,13892.6051427736,69005.0,72.717
1992,ASA,0.0,0.0,0.0,0.0,1,0,0.0,0.0,ASM,3232.570068130985,49038.0,71.511
1992,AUS,11.0,7.0,9.0,27.0,1,1,14.0,19.0,AUS,18650.3675476612,17478635.0,77.3780487804878
1992,AUT,0.0,0.0,2.0,2.0,1,1,1.0,2.0,AUT,24782.7118767063,7840709.0,75.8170731707317
1992,BAH,1.0,0.0,0.0,1.0,1,1,0.0,0.0,BHS,10873.4047501635,285927.0,71.298
1992,BAN,0.0,0.0,0.0,0.0,1,0,0.0,0.0,BGD,273.465072520272,115952192.0,56.592
1992,BAR,0.0,0.0,0.0,0.0,1,0,0.0,0.0,BRB,7519.20143544898,260267.0,73.61
1992,BEL,2.0,0.0,1.0,3.0,1,1,2.0,3.0,BEL,23372.619171015,10045158.0,76.3512195121951
1992,BEN,0.0,0.0,0.0,0.0,1,0,0.0,0.0,BEN,301.77329696287,5617844.0,54.137
1992,BER,0.0,0.0,0.0,0.0,1,0,0.0,0.0,BMU,28761.9634632835,58407.0,74.446
1992,BHU,0.0,0.0,0.0,0.0,1,0,0.0,0.0,BTN,415.791522568451,577774.0,57.208
1992,BIH,0.0,0.0,0.0,0.0,1,0,0.0,0.0,BIH,1118.17569934079,4234616.0,51.967
1992,BIZ,0.0,0.0,0.0,0.0,1,0,0.0,0.0,BLZ,3642.9480634402,190983.0,69.601
1992,BOL,0.0,0.0,0.0,0.0,1,0,0.0,0.0,BOL,759.57113496365,7430336.0,57.923
1992,BOT,0.0,0.0,0.0,0.0,1,0,0.0,0.0,BWA,3004.61263362306,1380033.0,58.19
1992,BRA,0.0,2.0,1.0,3.0,1,1,6.0,7.0,BRA,2127.31642731638,154275079.0,66.539
1992,BRN,0.0,0.0,0.0,0.0,1,0,0.0,0.0,BHR,10460.1583222808,516458.0,72.785
1992,BUL,6.0,3.0,7.0,16.0,1,1,35.0,38.0,BGR,1007.34296439412,8540164.0,71.4943902439024
1992,BUR,0.0,0.0,0.0,0.0,1,0,0.0,0.0,BFA,348.592443894547,9629275.0,49.378
1992,CAF,0.0,0.0,0.0,0.0,1,0,0.0,0.0,CAF,461.587303490896,3058831.0,49.213
1992,CAN,7.0,7.0,4.0,18.0,1,1,10.0,27.0,CAN,20950.3305287651,28371264.0,77.8380487804878
1992,CAY,0.0,0.0,0.0,0.0,1,0,0.0,0.0,CYM,3232.570068130985,28621.0,73.088
1992,CGO,0.0,0.0,0.0,0.0,1,0,0.0,0.0,COG,1164.22442980292,2519465.0,56.483
1992,CHA,0.0,0.0,0.0,0.0,1,0,0.0,0.0,TCD,290.648286132566,6474656.0,46.777
1992,CHI,0.0,0.0,0.0,0.0,1,0,1.0,0.5,CHL,3351.84108855522,13884577.0,74.367
1992,CHN,15.0,16.0,22.0,53.0,1,1,28.0,30.0,CHN,367.822651903542,1164970000.0,69.059
1992,CIV,0.0,0.0,0.0,0.0,1,0,0.0,0.5,CIV,844.902223806738,13200310.0,52.429
1992,CMR,0.0,0.0,0.0,0.0,1,0,0.0,0.5,CMR,1005.44897647465,12006353.0,54.053
1992,COD,0.0,0.0,0.0,0.0,1,0,0.0,0.0,COD,209.726548794417,39228910.0,49.323
1992,COK,0.0,0.0,0.0,0.0,1,0,0.0,0.0,COK,3232.570068130985,6577959.0,70.65100000000001
1992,COL,1.0,0.0,0.0,1.0,1,1,1.0,1.0,COL,1730.39091795329,33760571.0,68.764
1992,CRC,0.0,0.0,0.0,0.0,1,0,1.0,0.5,CRI,2612.38762395528,3284258.0,76.385
1992,CRO,2.0,0.0,1.0,3.0,1,1,0.0,0.0,HRV,2321.15204123035,4575818.0,71.2414634146342
1992,CUB,11.0,14.0,6.0,31.0,1,1,20.0,16.5,CUB,2047.67900346421,10785801.0,73.846
1992,CYP,0.0,0.0,0.0,0.0,1,0,0.0,0.0,CYP,11310.072265625,810341.0,76.291
1992,DEN,4.0,1.0,1.0,6.0,1,1,4.0,5.0,DNK,29579.4913648682,5171370.0,75.1941463414634
1992,DJI,0.0,0.0,0.0,0.0,1,0,1.0,0.5,DJI,763.659214503152,626010.0,54.375
1992,DOM,0.0,0.0,0.0,0.0,1,0,0.0,0.5,DOM,1558.29782071075,7447474.0,68.525
1992,ECU,0.0,0.0,0.0,0.0,1,0,0.0,0.0,ECU,1655.44613192632,10930128.0,69.468
1992,EGY,0.0,0.0,0.0,0.0,1,0,0.0,0.5,EGY,680.79923864551,61480660.0,63.585
1992,ESA,0.0,0.0,0.0,0.0,1,0,0.0,0.0,SLV,1040.78164082019,5585609.0,62.944
1992,ESP,2.0,13.0,7.0,22.0,1,1,4.0,4.5,ESP,16100.6799428032,39157685.0,77.41
1992,EST,1.0,1.0,0.0,2.0,1,1,7.0,3.5,EST,3232.570068130985,1533091.0,68.8634146341464
1992,ETH,2.0,1.0,0.0,3.0,1,1,4.0,3.0,ETH,207.406400863847,51853747.0,47.279
1992,EUN,29.0,45.0,38.0,112.0,1,1,0.0,0.0,,3232.570068130985,6577959.0,70.65100000000001
1992,FIJ,0.0,0.0,0.0,0.0,1,0,0.0,0.0,FJI,1951.25592930351,785346.0,65.407
1992,FIN,2.0,1.0,2.0,5.0,1,1,4.0,8.0,FIN,22320.1124695857,5041992.0,75.4553658536585
1992,FRA,16.0,8.0,5.0,29.0,1,1,16.0,22.0,FRA,23615.0168565483,58846584.0,77.1
1992,GAB,0.0,0.0,0.0,0.0,1,0,0.0,0.0,GAB,5385.68811745078,1038380.0,61.013
1992,GAM,0.0,0.0,0.0,0.0,1,0,0.0,0.0,GMB,623.485927783598,1145582.0,52.477
1992,GBR,12.0,5.0,3.0,20.0,1,1,24.0,30.5,GBR,20487.1707852878,57580402.0,76.4341463414634
1992,GEQ,0.0,0.0,0.0,0.0,1,0,0.0,0.0,GNQ,263.733547088944,510770.0,51.579
1992,GER,28.0,33.0,21.0,82.0,1,1,50.0,46.0,DEU,26559.8543879632,80624598.0,75.819512195122
1992,GHA,1.0,0.0,0.0,1.0,1,1,0.0,0.0,GHA,396.426407640517,16184855.0,56.055
1992,GRE,0.0,2.0,0.0,2.0,1,1,1.0,1.5,GRC,11021.012224607,10399061.0,77.3829268292683
1992,GRN,0.0,0.0,0.0,0.0,1,0,0.0,0.0,GRD,3052.70018744163,101602.0,71.125
1992,GUA,0.0,0.0,0.0,0.0,1,0,0.0,0.0,GTM,1096.45976992698,9522266.0,61.992
1992,GUI,0.0,0.0,0.0,0.0,1,0,0.0,0.0,GIN,692.647802662806,6914366.0,48.266
1992,GUM,0.0,0.0,0.0,0.0,1,0,0.0,0.0,GUM,3232.570068130985,143393.0,73.632
1992,GUY,0.0,0.0,0.0,0.0,1,0,0.0,0.0,GUY,498.156636569954,749911.0,62.816
1992,HAI,0.0,0.0,0.0,0.0,1,0,0.0,0.0,HTI,316.276513134354,7136571.0,54.041
1992,HKG,0.0,0.0,0.0,0.0,1,0,0.0,0.0,CHN,367.822651903542,1164970000.0,69.059
1992,HON,0.0,0.0,0.0,0.0,1,0,0.0,0.0,HND,782.111518709432,5271431.0,65.908
1992,HUN,7.0,11.0,12.0,30.0,1,1,23.0,27.5,HUN,3747.32966394956,10369341.0,69.1170731707317
1992,INA,1.0,2.0,2.0,5.0,1,1,1.0,0.5,IDN,673.67103954742,190043744.0,64.182
1992,IND,0.0,0.0,0.0,0.0,1,0,0.0,0.0,IND,319.182472626315,902957070.0,59.445
1992,IOA,2.0,0.0,1.0,3.0,1,1,0.0,0.0,,3232.570068130985,6577959.0,70.65100000000001
1992,IRI,2.0,0.0,1.0,3.0,1,1,1.0,1.5,IRN,1957.48507794252,61184983.0,66.653
1992,IRL,0.0,1.0,1.0,2.0,1,1,0.0,0.5,IRL,15714.3847487231,3558430.0,75.4150975609756
1992,IRQ,0.0,0.0,0.0,0.0,1,0,0.0,0.0,IRQ,30.2539012636825,18300845.0,65.344
1992,ISL,0.0,0.0,0.0,0.0,1,0,0.0,0.5,ISL,28072.4041083276,261057.0,78.760243902439
1992,ISR,1.0,0.0,1.0,2.0,1,1,0.0,0.0,ISR,15500.4201495689,5123000.0,76.5048780487805
1992,ISV,0.0,0.0,0.0,0.0,1,0,1.0,0.5,VIR,3232.570068130985,105712.0,70.9626097560976
1992,ITA,8.0,6.0,5.0,19.0,1,1,14.0,23.0,ITA,23297.0460325456,56797087.0,77.419512195122
1992,IVB,0.0,0.0,0.0,0.0,1,0,0.0,0.0,VGB,3232.570068130985,16593.0,73.109
1992,JAM,1.0,0.0,3.0,4.0,1,1,2.0,2.5,JAM,1458.10146892635,2424701.0,71.816
1992,JOR,0.0,0.0,0.0,0.0,1,0,0.0,0.0,JOR,1286.6347360596,4127693.0,70.4
1992,JPN,11.0,3.0,8.0,22.0,1,1,14.0,22.5,JPN,32666.5024513195,124425000.0,79.080243902439
1992,KEN,2.0,2.0,4.0,8.0,1,1,9.0,6.0,KEN,336.68139978696,24382460.0,57.095
1992,KOR,11.0,12.0,5.0,28.0,1,1,33.0,26.0,KOR,8387.16308258471,43747962.0,72.4975609756098
1992,KSA,0.0,0.0,0.0,0.0,1,0,0.0,0.0,SAU,11730.2687665244,11686676.0,69.799
1992,KUW,0.0,0.0,0.0,0.0,1,0,0.0,0.0,KWT,12146.19505586,1634961.0,76.0023902439025
1992,LAO,0.0,0.0,0.0,0.0,1,0,0.0,0.0,LAO,247.345286150532,4559646.0,55.098
1992,LAT,1.0,0.0,2.0,3.0,1,1,2.0,1.5,LVA,3232.570068130985,2614338.0,68.3960975609756
1992,LBA,0.0,0.0,0.0,0.0,1,0,0.0,0.0,LBY,7302.68908679226,4640352.0,69.974
1992,LES,0.0,0.0,0.0,0.0,1,0,0.0,0.0,LSO,443.624297195576,1873274.0,58.638
1992,LIB,0.0,0.0,0.0,0.0,1,0,0.0,0.0,LBN,1559.38100628446,3747371.0,71.169
1992,LIE,0.0,0.0,0.0,0.0,1,0,0.0,0.0,LIE,55057.1110625654,29627.0,78.4636585365854
1992,LTU,1.0,1.0,0.0,2.0,1,1,0.0,0.0,LTU,3232.570068130985,3700114.0,70.2343902439025
1992,LUX,0.0,0.0,0.0,0.0,1,0,0.0,0.0,LUX,39570.8615665986,392175.0,75.7707317073171
1992,MAD,0.0,0.0,0.0,0.0,1,0,0.0,0.0,MDG,290.2120463948,12800870.0,52.946
1992,MAR,1.0,1.0,1.0,3.0,1,1,3.0,2.5,MAR,1327.02954101563,25212468.0,63.388
1992,MAS,1.0,0.0,0.0,1.0,1,1,0.0,0.0,MYS,3141.43321987651,18834572.0,71.483
1992,MAW,0.0,0.0,0.0,0.0,1,0,0.0,0.0,MWI,258.393430877557,10135079.0,43.636
1992,MDV,0.0,0.0,0.0,0.0,1,0,0.0,0.0,MDV,1194.2325242813,238543.0,64.664
1992,MEX,0.0,0.0,1.0,1.0,1,1,2.0,4.0,MEX,4220.56643677057,86044809.0,69.663
1992,MGL,2.0,0.0,0.0,2.0,1,1,1.0,2.5,MNG,607.813424662797,2167790.0,60.4307073170732
1992,MLI,0.0,0.0,0.0,0.0,1,0,0.0,0.0,MLI,385.278654501558,9553540.0,47.238
1992,MLT,0.0,0.0,0.0,0.0,1,0,0.0,0.0,MLT,8220.33403924666,367618.0,76.5651219512195
1992,MON,0.0,0.0,0.0,0.0,1,0,0.0,0.0,MCO,88614.926367223,30887.0,80.065
1992,MOZ,0.0,0.0,0.0,0.0,1,0,0.0,0.0,MOZ,205.585216062094,13613316.0,45.095
1992,MRI,0.0,0.0,0.0,0.0,1,0,0.0,0.0,MUS,3013.23706337167,1084441.0,70.0585365853659
1992,MTN,0.0,0.0,0.0,0.0,1,0,0.0,0.0,MRT,1036.47437808576,2088135.0,58.568
1992,MYA,0.0,0.0,0.0,0.0,1,0,0.0,0.0,MMR,58.8896739558883,40950342.0,57.681
1992,NAM,0.0,0.0,2.0,2.0,1,1,0.0,0.0,NAM,2346.86242963741,1461322.0,60.16
1992,NCA,0.0,0.0,0.0,0.0,1,0,0.0,0.0,NIC,411.473330661786,4357026.0,63.672
1992,NED,7.0,2.0,6.0,15.0,1,1,9.0,11.0,NLD,23939.2173482108,15184166.0,77.2170731707317
1992,NEP,0.0,0.0,0.0,0.0,1,0,0.0,0.0,NPL,165.02959412726,20609707.0,56.686
1992,NGR,1.0,0.0,3.0,4.0,1,1,0.0,1.0,NGA,508.515905682785,102372770.0,45.587
1992,NIG,0.0,0.0,0.0,0.0,1,0,0.0,0.0,NER,384.029657304316,8817633.0,43.064
1992,NOR,1.0,2.0,4.0,7.0,1,1,5.0,4.0,NOR,30328.210916818,4286401.0,77.1843902439025
1992,NZL,5.0,1.0,4.0,10.0,1,1,13.0,12.0,NZL,11793.1392416214,3531700.0,76.1243902439025
1992,OMA,0.0,0.0,0.0,0.0,1,0,0.0,0.0,OMN,7317.78815838166,1938238.0,70.114
1992,PAK,1.0,0.0,0.0,1.0,1,1,1.0,1.0,PAK,395.67720859593,123546848.0,59.983
1992,PAN,0.0,0.0,0.0,0.0,1,0,0.0,0.0,PAN,3139.89952899581,2561336.0,71.461
1992,PAR,0.0,0.0,0.0,0.0,1,0,0.0,0.0,PRY,1682.67444777611,4253600.0,67.961
1992,PER,0.0,0.0,1.0,1.0,1,1,1.0,1.0,PER,1567.40910765128,22946340.0,65.031
1992,PHI,1.0,0.0,0.0,1.0,1,1,1.0,0.5,PHL,916.515694532029,65926125.0,65.353
1992,PNG,0.0,0.0,0.0,0.0,1,0,0.0,0.0,PNG,1050.7071689258,4166699.0,60.26
1992,POL,10.0,3.0,6.0,19.0,1,1,16.0,24.0,POL,2459.02068468253,38363667.0,71.090243902439
1992,POR,0.0,0.0,0.0,0.0,1,0,1.0,2.0,PRT,10810.5665079626,9952494.0,74.3121951219512
1992,PRK,5.0,4.0,0.0,9.0,1,1,5.0,3.5,PRK,3232.570068130985,21750911.0,71.009
1992,PUR,1.0,0.0,0.0,1.0,1,1,0.0,1.0,PRI,9659.33889995916,3585176.0,73.387
1992,QAT,1.0,0.0,0.0,1.0,1,1,0.0,0.0,QAT,16280.293589053,469657.0,73.876
1992,ROU,8.0,4.0,6.0,18.0,1,1,24.0,38.0,ROU,1102.10378473246,22794284.0,69.7843902439024
1992,RSA,0.0,0.0,2.0,2.0,1,1,3.0,3.5,ZAF,3462.39400202835,42443509.0,62.839
1992,RWA,0.0,0.0,0.0,0.0,1,0,0.0,0.0,RWA,264.083914517464,7683266.0,44.397
1992,SAM,0.0,0.0,0.0,0.0,1,0,0.0,0.0,WSM,776.740824409711,170331.0,68.532
1992,SEN,0.0,0.0,0.0,0.0,1,0,1.0,0.5,SEN,951.204960087807,8168395.0,57.287
1992,SEY,0.0,0.0,0.0,0.0,1,0,0.0,0.0,SYC,6520.48950519188,70763.0,71.2146341463415
1992,SGP,0.0,0.0,0.0,0.0,1,0,0.0,0.0,,3232.570068130985,6577959.0,70.65100000000001
1992,SLE,0.0,0.0,0.0,0.0,1,0,0.0,0.0,SLE,163.197571684381,4166366.0,43.451
1992,SLO,2.0,0.0,0.0,2.0,1,1,0.0,0.0,SVN,7151.15243829224,1996498.0,73.3048780487805
1992,SMR,0.0,0.0,0.0,0.0,1,0,0.0,0.0,SMR,3232.570068130985,24125.0,78.133
1992,SOL,0.0,0.0,0.0,0.0,1,0,0.0,0.0,SLB,763.857968549522,352205.0,66.471
1992,SRI,0.0,0.0,0.0,0.0,1,0,0.0,0.0,LKA,579.655117618283,16739284.0,69.619
1992,SUD,0.0,0.0,0.0,0.0,1,0,0.0,0.0,SDN,252.610092163086,22927355.0,55.952
1992,SUI,0.0,1.0,0.0,1.0,1,1,4.0,6.0,CHE,41327.1832947809,6875364.0,77.8060975609756
1992,SUR,1.0,0.0,0.0,1.0,1,1,1.0,0.5,SUR,968.895253466926,417589.0,62.246
1992,SWE,4.0,1.0,7.0,12.0,1,1,11.0,15.0,SWE,32753.4287003642,8668067.0,77.9987804878049
1992,SWZ,0.0,0.0,0.0,0.0,1,0,0.0,0.0,SWZ,1361.8169795148,943416.0,59.284
1992,SYR,0.0,0.0,0.0,0.0,1,0,0.0,0.5,SYR,990.138251191708,13385571.0,70.243
1992,TAN,0.0,0.0,0.0,0.0,1,0,0.0,0.0,TZA,250.329925537109,27457588.0,51.432
1992,TCH,1.0,4.0,2.0,7.0,1,1,8.0,11.0,CZE,3396.70972430469,10319123.0,72.2717073170732
1992,TGA,0.0,0.0,0.0,0.0,1,0,0.0,0.0,TON,1370.36142598699,100022.0,67.927
1992,THA,1.0,0.0,0.0,1.0,1,1,1.0,1.0,THA,1971.60879910694,56528834.0,69.353
1992,TOG,0.0,0.0,0.0,0.0,1,0,0.0,0.0,TGO,607.946006940374,3932581.0,54.084
1992,TPE,0.0,0.0,1.0,1.0,1,1,0.0,0.5,,3232.570068130985,6577959.0,70.65100000000001
1992,TTO,0.0,0.0,0.0,0.0,1,0,0.0,0.0,TTO,4277.47436935604,1271674.0,67.78
1992,TUN,0.0,0.0,0.0,0.0,1,0,0.0,0.0,TUN,1784.81850188268,8682512.0,69.684
1992,TUR,2.0,2.0,2.0,6.0,1,1,2.0,2.5,TUR,2743.65320297936,57990118.0,68.603
1992,UAE,0.0,0.0,0.0,0.0,1,0,0.0,0.0,ARE,25648.2807476605,2114730.0,71.166
1992,UGA,0.0,0.0,0.0,0.0,1,0,0.0,0.0,UGA,152.113542415537,18785032.0,47.671
1992,URU,0.0,0.0,0.0,0.0,1,0,0.0,0.0,URY,4101.71054155291,3139702.0,73.185
1992,USA,37.0,37.0,34.0,108.0,1,1,94.0,133.5,USA,25418.9907763319,256514000.0,75.6170731707317
1992,VAN,0.0,0.0,0.0,0.0,1,0,0.0,0.0,VUT,1343.68942861831,155608.0,67.433
1992,VEN,0.0,0.0,0.0,0.0,1,0,0.0,1.5,VEN,2907.30334439434,20780948.0,71.177
1992,VIE,0.0,0.0,0.0,0.0,1,0,0.0,0.0,VNM,144.549392371677,68260337.0,69.62
1992,VIN,0.0,0.0,0.0,0.0,1,0,0.0,0.0,VCT,2470.51840791008,112509.0,70.745
1992,YEM,0.0,0.0,0.0,0.0,1,0,0.0,0.0,YEM,1198.13031674085,14989494.0,59.26
1992,ZAM,0.0,0.0,0.0,0.0,1,0,0.0,0.5,ZMB,389.254665832226,8176680.0,46.968
1992,ZIM,0.0,0.0,0.0,0.0,1,0,0.0,0.0,ZWE,631.149149280088,10702700.0,55.602
1996,AFG,0.0,0.0,0.0,0.0,1,0,0.0,0.0,AFG,3232.570068130985,17763266.0,52.83
1996,AHO,0.0,0.0,0.0,0.0,1,0,0.0,0.5,CUW,3232.570068130985,146306.0,72.945
1996,ALB,0.0,0.0,0.0,0.0,1,0,0.0,0.0,ALB,1020.97618050188,3168033.0,74.113
1996,ALG,1.0,2.0,0.0,3.0,1,1,2.0,1.0,DZA,1616.83198721285,29033044.0,68.219
1996,AND,0.0,0.0,0.0,0.0,1,0,0.0,0.0,AND,19130.1597151312,63984.0,81.009
1996,ANG,0.0,0.0,0.0,0.0,1,0,0.0,0.0,AGO,531.115366543271,14170973.0,46.418
1996,ANT,0.0,0.0,0.0,0.0,1,0,0.0,0.0,ATG,9756.08717951992,69612.0,73.839
1996,ARG,1.0,0.0,2.0,3.0,1,1,1.0,1.5,ARG,7663.21271287469,35513793.0,73.056
1996,ARM,0.0,1.0,1.0,2.0,1,1,0.0,0.0,ARM,487.068624404558,3278735.0,69.0061219512195
1996,ARU,0.0,0.0,0.0,0.0,1,0,0.0,0.0,ABW,16620.9545555513,83021.0,72.856
1996,ASA,0.0,0.0,0.0,0.0,1,0,0.0,0.0,ASM,3232.570068130985,53353.0,71.576
1996,AUS,23.0,9.0,9.0,41.0,1,1,27.0,20.5,AUS,22055.838490507,18224767.0,78.0780487804878
1996,AUT,2.0,0.0,1.0,3.0,1,1,2.0,1.5,AUT,29645.9451251491,7959017.0,76.8707317073171
1996,AZE,0.0,0.0,1.0,1.0,1,1,0.0,0.0,AZE,409.185543774103,7763000.0,62.66
1996,BAH,0.0,0.0,1.0,1.0,1,1,1.0,0.5,BHS,11783.797197226,306268.0,71.464
1996,BAN,0.0,0.0,0.0,0.0,1,0,0.0,0.0,BGD,371.917937677345,124862179.0,58.94
1996,BAR,0.0,0.0,0.0,0.0,1,0,0.0,0.0,BRB,9011.77884838722,262284.0,74.065
1996,BDI,0.0,1.0,0.0,1.0,1,1,0.0,0.0,BDI,143.156741187159,6070506.0,44.807
1996,BEL,2.0,2.0,2.0,6.0,1,1,3.0,2.5,BEL,27489.5551770488,10156637.0,77.1873170731707
1996,BEN,0.0,0.0,0.0,0.0,1,0,0.0,0.0,BEN,369.394384135736,6391858.0,55.648
1996,BER,0.0,0.0,0.0,0.0,1,0,0.0,0.0,BMU,45063.6149332085,59813.0,76.52
1996,BHU,0.0,0.0,0.0,0.0,1,0,0.0,0.0,BTN,552.873891403681,548784.0,59.982
1996,BIH,0.0,0.0,0.0,0.0,1,0,0.0,0.0,BIH,718.933797141505,3875246.0,73.454
1996,BIZ,0.0,0.0,0.0,0.0,1,0,0.0,0.0,BLZ,4043.26517997242,210310.0,69.363
1996,BLR,8.0,1.0,6.0,15.0,1,1,0.0,0.0,BLR,1427.26896385327,10159569.0,68.5121951219512
1996,BOL,0.0,0.0,0.0,0.0,1,0,0.0,0.0,BOL,922.113259069714,8021736.0,60.287
1996,BOT,0.0,0.0,0.0,0.0,1,0,0.0,0.0,BWA,3156.26865681161,1535914.0,54.284
1996,BRA,9.0,3.0,3.0,15.0,1,1,3.0,4.5,BRA,5179.13052002464,164202549.0,68.108
1996,BRN,0.0,0.0,0.0,0.0,1,0,0.0,0.0,BHR,12091.7802188235,573792.0,73.61
1996,BRU,0.0,0.0,0.0,0.0,1,0,0.0,0.0,BRN,25692.2357348562,298276.0,73.079
1996,BUL,5.0,3.0,7.0,15.0,1,1,16.0,25.5,BGR,1470.26721873691,8362826.0,70.8973170731707
1996,BUR,0.0,0.0,0.0,0.0,1,0,0.0,0.0,BFA,242.733171352672,10655942.0,49.693
1996,CAF,0.0,0.0,0.0,0.0,1,0,0.0,0.0,CAF,293.306575328658,3435965.0,47.7
1996,CAM,0.0,0.0,0.0,0.0,1,0,0.0,0.0,KHM,324.655870983004,10801270.0,56.832
1996,CAN,8.0,3.0,11.0,22.0,1,1,18.0,14.0,CAN,21296.9723536904,29610218.0,78.220243902439
1996,CAY,0.0,0.0,0.0,0.0,1,0,0.0,0.0,CYM,3232.570068130985,34143.0,73.74
1996,CGO,0.0,0.0,0.0,0.0,1,0,0.0,0.0,COG,898.794050151577,2826785.0,55.24
1996,CHA,0.0,0.0,0.0,0.0,1,0,0.0,0.0,TCD,216.912541056484,7410108.0,47.551
1996,CHI,0.0,0.0,0.0,0.0,1,0,0.0,0.5,CHL,5333.50438729711,14734046.0,75.555
1996,CHN,12.0,16.0,22.0,50.0,1,1,53.0,40.5,CHN,713.337387811657,1217550000.0,70.823
1996,CIV,0.0,0.0,0.0,0.0,1,0,0.0,0.0,CIV,1170.23622049666,15442312.0,51.596
1996,CMR,0.0,0.0,0.0,0.0,1,0,0.0,0.0,CMR,826.965322327363,13414757.0,53.2
1996,COD,0.0,0.0,0.0,0.0,1,0,0.0,0.0,COD,127.416132828292,45296124.0,49.376
1996,COK,0.0,0.0,0.0,0.0,1,0,0.0,0.0,COK,3232.570068130985,6577959.0,70.65100000000001
1996,COL,0.0,0.0,0.0,0.0,1,0,1.0,1.0,COL,2664.64056059983,36462745.0,70.209
1996,COM,0.0,0.0,0.0,0.0,1,0,0.0,0.0,COM,786.380773511866,499107.0,58.151
1996,CPV,0.0,0.0,0.0,0.0,1,0,0.0,0.0,CPV,1179.51522705182,425581.0,65.521
1996,CRC,0.0,1.0,0.0,1.0,1,1,0.0,0.5,CRI,3226.96401664833,3619013.0,76.428
1996,CRO,0.0,1.0,1.0,2.0,1,1,3.0,3.0,HRV,5299.74887884048,4557097.0,72.3653658536585
1996,CUB,8.0,9.0,8.0,25.0,1,1,31.0,25.5,CUB,2282.18809324202,10962010.0,74.69
1996,CYP,0.0,0.0,0.0,0.0,1,0,0.0,0.0,CYP,15139.220703125,880290.0,76.88
1996,CZE,4.0,4.0,3.0,11.0,1,1,0.0,0.0,CZE,6573.19643136362,10315241.0,73.7146341463415
1996,DEN,1.0,4.0,1.0,6.0,1,1,6.0,5.0,DNK,35621.9878051732,5263074.0,75.5914634146342
1996,DJI,0.0,0.0,0.0,0.0,1,0,0.0,0.5,DJI,761.943659476655,648348.0,56.33
1996,DMA,0.0,0.0,0.0,0.0,1,0,0.0,0.0,DMA,4210.99532034556,69410.0,71.039
1996,DOM,0.0,0.0,0.0,0.0,1,0,0.0,0.0,DOM,2270.86558687203,8032894.0,69.595
1996,ECU,0.0,1.0,0.0,1.0,1,1,0.0,0.0,ECU,2135.8479374308,11810950.0,71.82
1996,EGY,0.0,0.0,0.0,0.0,1,0,0.0,0.0,EGY,1008.97637629447,67028048.0,65.733
1996,ESA,0.0,0.0,0.0,0.0,1,0,0.0,0.0,SLV,1651.31016800895,5805286.0,65.48
1996,ESP,6.0,5.0,6.0,17.0,1,1,22.0,13.0,ESP,16100.6215831114,39889852.0,78.1204878048781
1996,EST,0.0,0.0,0.0,0.0,1,0,2.0,4.5,EST,3380.92630243199,1415594.0,69.6121951219512
1996,ETH,1.0,2.0,0.0,3.0,1,1,3.0,3.5,ETH,147.327458851964,59467635.0,48.697
1996,FIJ,0.0,0.0,0.0,0.0,1,0,0.0,0.0,FJI,2648.32766264,803789.0,66.202
1996,FIN,1.0,1.0,2.0,4.0,1,1,5.0,4.5,FIN,25756.6777073618,5124573.0,76.6934146341464
1996,FRA,15.0,15.0,7.0,37.0,1,1,29.0,22.5,FRA,26757.6351494145,59754504.0,77.9536585365854
1996,GAB,0.0,0.0,0.0,0.0,1,0,0.0,0.0,GAB,4942.67870027615,1152015.0,61.265
1996,GAM,0.0,0.0,0.0,0.0,1,0,0.0,0.0,GMB,651.784945724837,1301410.0,54.849
1996,GBR,6.0,1.0,8.0,15.0,1,1,20.0,22.0,GBR,24503.3829602903,58166950.0,77.0878048780488
1996,GBS,0.0,0.0,0.0,0.0,1,0,0.0,0.0,GNB,614.729892454585,1143535.0,48.772
1996,GEO,2.0,0.0,0.0,2.0,1,1,0.0,0.0,GEO,689.034634153312,4491699.0,70.637
1996,GEQ,0.0,0.0,0.0,0.0,1,0,0.0,0.0,GNQ,391.686868235732,593492.0,52.123
1996,GER,27.0,20.0,18.0,65.0,1,1,82.0,66.0,DEU,30599.7891048363,81914831.0,76.6731707317073
1996,GHA,0.0,0.0,0.0,0.0,1,0,1.0,0.5,GHA,389.271267898831,17810181.0,56.957
1996,GRE,0.0,4.0,4.0,8.0,1,1,2.0,1.5,GRC,13432.5262183244,10608800.0,77.6853658536585
1996,GRN,0.0,0.0,0.0,0.0,1,0,0.0,0.0,GRD,3508.294236637,104584.0,72.373
1996,GUA,0.0,0.0,0.0,0.0,1,0,0.0,0.0,GTM,1481.05986750672,10583526.0,64.54
1996,GUI,0.0,0.0,0.0,0.0,1,0,0.0,0.0,GIN,726.025442583799,7770035.0,50.546
1996,GUM,0.0,0.0,0.0,0.0,1,0,0.0,0.0,GUM,3232.570068130985,152169.0,74.638
1996,GUY,0.0,0.0,0.0,0.0,1,0,0.0,0.0,GUY,927.523847211669,760526.0,62.691
1996,HAI,0.0,0.0,0.0,0.0,1,0,0.0,0.0,HTI,377.229465025972,7707557.0,56.111
1996,HKG,0.0,1.0,0.0,1.0,1,1,0.0,0.0,CHN,713.337387811657,1217550000.0,70.823
1996,HON,0.0,0.0,0.0,0.0,1,0,0.0,0.0,HND,812.817047602244,5903954.0,67.263
1996,HUN,10.0,7.0,4.0,21.0,1,1,30.0,26.5,HUN,4542.0120380978,10311238.0,70.3287804878049
1996,INA,2.0,1.0,1.0,4.0,1,1,5.0,3.0,IDN,1118.92133024129,203204348.0,65.465
1996,IND,1.0,0.0,0.0,1.0,1,1,0.0,0.0,IND,401.046754673579,979678458.0,61.027
1996,IRI,1.0,1.0,1.0,3.0,1,1,3.0,2.0,IRN,1914.78121294313,62881300.0,68.328
1996,IRL,1.0,3.0,0.0,4.0,1,1,2.0,1.0,IRL,20835.8977130847,3637510.0,75.8317073170732
1996,IRQ,0.0,0.0,0.0,0.0,1,0,0.0,0.0,IRQ,485.258492784825,21501321.0,64.618
1996,ISL,0.0,0.0,0.0,0.0,1,0,0.0,0.0,ISL,28583.5208959793,268916.0,78.7778048780488
1996,ISR,1.0,0.0,0.0,1.0,1,1,2.0,1.0,ISR,20212.9229756617,5692000.0,78.1048780487805
1996,ISV,0.0,0.0,0.0,0.0,1,0,0.0,0.5,VIR,3232.570068130985,108095.0,71.575512195122
1996,ITA,12.0,13.0,10.0,35.0,1,1,19.0,16.5,ITA,23122.9337219116,56860281.0,78.5219512195122
1996,IVB,0.0,0.0,0.0,0.0,1,0,0.0,0.0,VGB,3232.570068130985,18287.0,74.341
1996,JAM,2.0,1.0,3.0,6.0,1,1,4.0,3.0,JAM,2928.89692611996,2524463.0,71.328
1996,JOR,0.0,0.0,0.0,0.0,1,0,0.0,0.0,JOR,1410.17424189419,4912516.0,71.105
1996,JPN,5.0,3.0,6.0,14.0,1,1,22.0,18.0,JPN,39929.7185750327,125757000.0,80.219756097561
1996,KAZ,4.0,3.0,4.0,11.0,1,1,0.0,0.0,KAZ,1281.39152895397,16416027.0,63.455
1996,KEN,3.0,1.0,4.0,8.0,1,1,8.0,8.5,KEN,440.527078880876,27344211.0,55.575
1996,KGZ,0.0,0.0,0.0,0.0,1,0,0.0,0.0,KGZ,394.856879614212,4628438.0,66.5439024390244
1996,KOR,5.0,7.0,15.0,27.0,1,1,28.0,30.5,KOR,13864.9376534518,45524681.0,74.1512195121951
1996,KSA,0.0,0.0,0.0,0.0,1,0,0.0,0.0,SAU,11471.5045960191,13831009.0,71.288
1996,KUW,0.0,0.0,0.0,0.0,1,0,0.0,0.0,KWT,18201.0958607918,1730246.0,75.9250487804878
1996,LAO,0.0,0.0,0.0,0.0,1,0,0.0,0.0,LAO,371.341879197673,5045678.0,56.821
1996,LAT,0.0,0.0,1.0,1.0,1,1,3.0,2.5,LVA,2360.1714816213,2457222.0,68.7765853658537
1996,LBA,0.0,0.0,0.0,0.0,1,0,0.0,0.0,LBY,5591.02027544558,4987393.0,70.736
1996,LBR,0.0,0.0,0.0,0.0,1,0,0.0,0.0,LBR,71.4065248720036,2232289.0,44.945
1996,LCA,0.0,0.0,0.0,0.0,1,0,0.0,0.0,LCA,5244.01665086076,150436.0,70.963
1996,LES,0.0,0.0,0.0,0.0,1,0,0.0,0.0,LSO,479.671394625707,1972418.0,55.136
1996,LIB,0.0,0.0,0.0,0.0,1,0,0.0,0.0,LBN,3393.05090749359,4034781.0,72.614
1996,LIE,0.0,0.0,0.0,0.0,1,0,0.0,0.0,LIE,80688.7182490376,31033.0,76.8365853658537
1996,LTU,1.0,0.0,0.0,1.0,1,1,2.0,1.0,LTU,2340.67545970008,3601613.0,70.1080487804878
1996,LUX,0.0,0.0,0.0,0.0,1,0,0.0,0.0,LUX,50444.3591236175,414225.0,76.519512195122
1996,MAD,0.0,0.0,0.0,0.0,1,0,0.0,0.0,MDG,339.877283663608,14510711.0,55.477
1996,MAR,2.0,0.0,0.0,2.0,1,1,3.0,3.0,MAR,1596.83239746094,26808107.0,65.226
1996,MAS,1.0,0.0,1.0,2.0,1,1,1.0,0.5,MYS,4837.16897250768,20850087.0,72.119
1996,MAW,0.0,0.0,0.0,0.0,1,0,0.0,0.0,MWI,320.662735559137,10352228.0,44.005
1996,MDA,1.0,0.0,1.0,2.0,1,1,0.0,0.0,MDA,575.145455139019,2947293.0,66.248
1996,MDV,0.0,0.0,0.0,0.0,1,0,0.0,0.0,MDV,1716.74281753716,262347.0,67.734
1996,MEX,1.0,0.0,0.0,1.0,1,1,1.0,1.5,MEX,4674.36792733681,92452702.0,71.088
1996,MGL,1.0,0.0,0.0,1.0,1,1,2.0,1.5,MNG,595.5810149554,2259507.0,60.994
1996,MKD,0.0,0.0,0.0,0.0,1,0,0.0,0.0,MKD,2306.53366957635,2012553.0,72.4951219512195
1996,MLI,0.0,0.0,0.0,0.0,1,0,0.0,0.0,MLI,359.662096056414,10407278.0,48.5
1996,MLT,0.0,0.0,0.0,0.0,1,0,0.0,0.0,MLT,10061.8500714248,379905.0,77.3414634146342
1996,MON,0.0,0.0,0.0,0.0,1,0,0.0,0.0,MCO,98561.0137425657,31837.0,81.133
1996,MOZ,1.0,0.0,0.0,1.0,1,1,0.0,0.0,MOZ,244.362651012498,16492480.0,47.121
1996,MRI,0.0,0.0,0.0,0.0,1,0,0.0,0.0,MUS,3951.94494649336,1133996.0,70.3229268292683
1996,MTN,0.0,0.0,0.0,0.0,1,0,0.0,0.0,MRT,904.120879798142,2358188.0,58.915
1996,MYA,0.0,0.0,0.0,0.0,1,0,0.0,0.0,MMR,141.897267580367,43154860.0,59.169
1996,NAM,0.0,0.0,2.0,2.0,1,1,2.0,2.0,NAM,2423.3982907313,1646103.0,56.639
1996,NCA,0.0,0.0,0.0,0.0,1,0,0.0,0.0,NIC,910.861645917295,4729974.0,65.215
1996,NED,10.0,4.0,5.0,19.0,1,1,15.0,12.0,NLD,29063.6236532536,15530498.0,77.4356097560976
1996,NEP,0.0,0.0,0.0,0.0,1,0,0.0,0.0,NPL,198.821907435345,22741862.0,60.044
1996,NGR,3.0,2.0,1.0,6.0,1,1,4.0,2.0,NGA,1632.72469370276,113754779.0,45.833
1996,NIG,0.0,0.0,0.0,0.0,1,0,0.0,0.0,NER,239.494513213973,10044852.0,46.313
1996,NOR,3.0,2.0,2.0,7.0,1,1,7.0,6.0,NOR,37072.6000316602,4381336.0,78.1504878048781
1996,NRU,0.0,0.0,0.0,0.0,1,0,0.0,0.0,NRU,3678.56242894634,10183.0,60.07
1996,NZL,1.0,3.0,2.0,6.0,1,1,10.0,11.5,NZL,18794.436039393,3732000.0,76.7878048780488
1996,OMA,0.0,0.0,0.0,0.0,1,0,0.0,0.0,OMN,8068.00076784612,2156926.0,72.023
1996,PAK,0.0,0.0,0.0,0.0,1,0,1.0,1.0,PAK,456.996961832943,138557092.0,60.466
1996,PAN,0.0,0.0,0.0,0.0,1,0,0.0,0.0,PAN,3308.18429574276,2780227.0,72.199
1996,PAR,0.0,0.0,0.0,0.0,1,0,0.0,0.0,PRY,2088.17109102236,4687543.0,69.05
1996,PER,0.0,0.0,0.0,0.0,1,0,1.0,1.0,PER,2226.91682429265,24811171.0,67.85
1996,PHI,0.0,0.0,1.0,1.0,1,1,1.0,1.0,PHL,1311.09249403865,72190242.0,66.691
1996,PLE,0.0,0.0,0.0,0.0,1,0,0.0,0.0,PSE,1317.46675131385,2587997.0,69.982
1996,PNG,0.0,0.0,0.0,0.0,1,0,0.0,0.0,PNG,1071.04185150251,4813361.0,61.071
1996,POL,5.0,7.0,5.0,17.0,1,1,19.0,17.5,POL,4163.51195431959,38624370.0,72.2463414634146
1996,POR,1.0,1.0,0.0,2.0,1,1,0.0,0.5,PRT,12185.0914010629,10063945.0,75.2609756097561
1996,PRK,2.0,2.0,1.0,5.0,1,1,9.0,7.0,PRK,3232.570068130985,22895746.0,60.82
1996,PUR,1.0,0.0,0.0,1.0,1,1,1.0,0.5,PRI,12173.163688986,3724655.0,73.995
1996,QAT,0.0,0.0,0.0,0.0,1,0,1.0,0.5,QAT,17124.7926054464,529019.0,74.558
1996,ROU,8.0,4.0,7.0,19.0,1,1,18.0,21.0,ROU,1633.01064354117,22619004.0,69.1048780487805
1996,RSA,1.0,3.0,1.0,5.0,1,1,2.0,2.5,ZAF,3617.55336002932,45123018.0,61.079
1996,RUS,16.0,26.0,21.0,63.0,1,1,0.0,2.5,RUS,2643.92919921875,148160129.0,65.8541463414634
1996,RWA,0.0,0.0,0.0,0.0,1,0,0.0,0.0,RWA,206.04911417485,6708764.0,42.486
1996,SAM,0.0,0.0,0.0,0.0,1,0,0.0,0.0,WSM,1419.35849045228,176071.0,69.767
1996,SCG,2.0,1.0,1.0,4.0,1,1,0.0,0.0,SRB,3053.90516860949,7622185.0,72.7948536585366
1996,SEN,0.0,0.0,0.0,0.0,1,0,0.0,0.5,SEN,723.469950081149,9067014.0,57.129
1996,SEY,0.0,0.0,0.0,0.0,1,0,0.0,0.0,SYC,7004.33603896356,76417.0,71.5609756097561
1996,SGP,0.0,0.0,0.0,0.0,1,0,0.0,0.0,,3232.570068130985,6577959.0,70.65100000000001
1996,SKN,0.0,0.0,0.0,0.0,1,0,0.0,0.0,KNA,7788.42839854571,42877.0,67.488
1996,SLE,0.0,0.0,0.0,0.0,1,0,0.0,0.0,SLE,224.258711163044,4199210.0,43.528
1996,SLO,0.0,0.0,2.0,2.0,1,1,2.0,2.0,SVN,10796.7399446283,1988628.0,74.4585365853658
1996,SMR,0.0,0.0,0.0,0.0,1,0,0.0,0.0,SMR,3232.570068130985,25482.0,79.332
1996,SOL,0.0,0.0,0.0,0.0,1,0,0.0,0.0,SLB,1289.33036923435,396009.0,66.739
1996,SOM,0.0,0.0,0.0,0.0,1,0,0.0,0.0,SOM,237.241440951671,7554474.0,50.524
1996,SRI,0.0,0.0,0.0,0.0,1,0,0.0,0.0,LKA,776.192371057587,17905018.0,69.841
1996,STP,0.0,0.0,0.0,0.0,1,0,0.0,0.0,STP,987.048712395264,136962.0,60.576
1996,SUD,0.0,0.0,0.0,0.0,1,0,0.0,0.0,SDN,294.826965332031,25231528.0,57.638
1996,SUI,0.0,4.0,3.0,7.0,1,1,1.0,2.5,CHE,48837.8072568268,7071850.0,78.8960975609756
1996,SUR,0.0,0.0,0.0,0.0,1,0,1.0,1.0,SUR,1962.88495820295,438830.0,63.079
1996,SVK,1.0,1.0,1.0,3.0,1,1,0.0,0.0,SVK,4069.11897669644,5373361.0,72.6536585365854
1996,SWE,2.0,2.0,4.0,8.0,1,1,12.0,11.5,SWE,33022.2444768661,8840998.0,78.9590243902439
1996,SWZ,0.0,0.0,0.0,0.0,1,0,0.0,0.0,SWZ,1619.19119707662,989841.0,53.296
1996,SYR,0.0,1.0,0.0,1.0,1,1,0.0,0.0,SYR,918.195857362788,15018104.0,70.156
1996,TAN,0.0,0.0,0.0,0.0,1,0,0.0,0.0,TZA,313.658386230469,30945762.0,51.132
1996,TGA,0.0,0.0,1.0,1.0,1,1,0.0,0.0,TON,2214.91474789811,100275.0,68.803
1996,THA,1.0,1.0,0.0,2.0,1,1,1.0,1.0,THA,3054.65690806473,59920064.0,69.94
1996,TJK,0.0,0.0,0.0,0.0,1,0,0.0,0.0,TJK,172.035088688368,6066523.0,60.806
1996,TKM,0.0,0.0,0.0,0.0,1,0,0.0,0.0,TKM,557.894220051334,4263819.0,63.538
1996,TOG,0.0,0.0,0.0,0.0,1,0,0.0,0.0,TGO,482.27462715388,4291136.0,53.829
1996,TPE,0.0,0.0,1.0,1.0,1,1,1.0,0.5,,3232.570068130985,6577959.0,70.65100000000001
1996,TTO,2.0,0.0,0.0,2.0,1,1,0.0,0.0,TTO,4427.27832448289,1300928.0,68.039
1996,TUN,1.0,0.0,0.0,1.0,1,1,0.0,0.0,TUN,2107.40815649257,9294432.0,71.247
1996,TUR,1.0,4.0,1.0,6.0,1,1,6.0,4.0,TUR,4041.36210281686,61951134.0,70.245
1996,UAE,0.0,0.0,0.0,0.0,1,0,0.0,0.0,ARE,28323.1586889615,2597564.0,71.82
1996,UGA,1.0,0.0,0.0,1.0,1,1,0.0,0.0,UGA,284.698259285733,21231550.0,47.759
1996,UKR,12.0,9.0,2.0,23.0,1,1,0.0,0.0,UKR,869.846069335938,51226109.0,67.097
1996,URU,0.0,0.0,0.0,0.0,1,0,0.0,0.0,URY,6398.43575184095,3206324.0,73.812
1996,USA,25.0,44.0,32.0,101.0,1,1,108.0,101.0,USA,29967.7127181749,269394000.0,76.0268292682927
1996,UZB,1.0,0.0,1.0,2.0,1,1,0.0,0.0,UZB,597.33228695111,23351981.0,64.78
1996,VAN,0.0,0.0,0.0,0.0,1,0,0.0,0.0,VUT,1529.27573115021,170911.0,68.176
1996,VEN,0.0,0.0,0.0,0.0,1,0,0.0,0.0,VEN,3112.825848106,22662113.0,71.92
1996,VIE,0.0,0.0,0.0,0.0,1,0,0.0,0.0,VNM,337.051231790277,73156447.0,71.296
1996,VIN,0.0,0.0,0.0,0.0,1,0,0.0,0.0,VCT,2930.44394742606,113119.0,70.466
1996,YEM,0.0,0.0,0.0,0.0,1,0,0.0,0.0,YEM,375.214994663363,17313177.0,60.884
1996,ZAM,0.0,0.0,1.0,1.0,1,1,0.0,0.0,ZMB,399.511304742449,9004053.0,45.757
1996,ZIM,0.0,0.0,0.0,0.0,1,0,0.0,0.0,ZWE,766.913775859535,11158360.0,48.981
2000,AHO,0.0,0.0,0.0,0.0,1,0,0.0,0.0,CUW,15841.2612359949,133860.0,73.283
2000,ALB,0.0,0.0,0.0,0.0,1,0,0.0,0.0,ALB,1160.42047054038,3089027.0,74.826
2000,ALG,3.0,1.0,1.0,5.0,1,1,3.0,2.5,DZA,1772.92869122761,30903893.0,70.576
2000,AND,0.0,0.0,0.0,0.0,1,0,0.0,0.0,AND,21810.2487426174,65685.0,81.863
2000,ANG,0.0,0.0,0.0,0.0,1,0,0.0,0.0,AGO,563.733795571487,16194869.0,46.501
2000,ANT,0.0,0.0,0.0,0.0,1,0,0.0,0.0,ATG,12027.4949768222,74912.0,74.819
2000,ARG,2.0,0.0,2.0,4.0,1,1,3.0,2.0,ARG,7637.01489203628,37213984.0,73.91
2000,ARM,1.0,0.0,0.0,1.0,1,1,2.0,2.0,ARM,593.450581742282,3221100.0,72.8804878048781
2000,ARU,0.0,0.0,0.0,0.0,1,0,0.0,0.0,ABW,20681.0230269625,90588.0,72.939
2000,ASA,0.0,0.0,0.0,0.0,1,0,0.0,0.0,ASM,3232.570068130985,56855.0,71.443
2000,AUS,17.0,16.0,25.0,58.0,1,1,41.0,34.0,AUS,21908.9968019784,19028802.0,79.2341463414634
2000,AUT,0.0,2.0,1.0,3.0,1,1,3.0,2.5,AUT,24487.2974685956,8011566.0,78.1268292682927
2000,AZE,1.0,2.0,0.0,3.0,1,1,1.0,1.0,AZE,655.097249579917,8048600.0,65.377
2000,BAH,1.0,2.0,0.0,3.0,1,1,1.0,1.0,BHS,24940.0775086078,323835.0,72.481
2000,BAN,0.0,0.0,0.0,0.0,1,0,0.0,0.0,BGD,396.670730249751,134544304.0,62.049
2000,BAR,1.0,0.0,0.0,1.0,1,1,0.0,0.0,BRB,11674.6736471764,262063.0,74.58
2000,BDI,0.0,0.0,0.0,0.0,1,0,1.0,1.0,BDI,134.537861752389,6470194.0,47.617
2000,BEL,3.0,0.0,2.0,5.0,1,1,6.0,4.5,BEL,23098.8865077401,10251250.0,77.7219512195122
2000,BEN,0.0,0.0,0.0,0.0,1,0,0.0,0.0,BEN,487.424141384242,7221619.0,56.594
2000,BER,0.0,0.0,0.0,0.0,1,0,0.0,0.0,BMU,56542.9569455727,61550.0,78.251
2000,BHU,0.0,0.0,0.0,0.0,1,0,0.0,0.0,BTN,771.924911410619,596863.0,61.842
2000,BIH,0.0,0.0,0.0,0.0,1,0,0.0,0.0,BIH,1338.48059636261,4159771.0,75.292
2000,BIZ,0.0,0.0,0.0,0.0,1,0,0.0,0.0,BLZ,4726.50675459616,240799.0,68.911
2000,BLR,11.0,3.0,3.0,17.0,1,1,15.0,15.0,BLR,1276.2880341,9979610.0,68.9121951219512
2000,BOL,0.0,0.0,0.0,0.0,1,0,0.0,0.0,BOL,975.777060358751,8606326.0,62.057
2000,BOT,0.0,0.0,0.0,0.0,1,0,0.0,0.0,BWA,3450.81180622992,1677382.0,52.263
2000,BRA,6.0,0.0,6.0,12.0,1,1,15.0,9.0,BRA,3766.54811466032,174018282.0,69.584
2000,BRN,0.0,0.0,0.0,0.0,1,0,0.0,0.0,BHR,14214.4836839343,637582.0,74.673
2000,BRU,0.0,0.0,0.0,0.0,1,0,0.0,0.0,BRN,20130.2572346624,326424.0,74.017
2000,BUL,2.0,5.0,6.0,13.0,1,1,15.0,15.5,BGR,1621.3452487867,8170172.0,71.6634146341463
2000,BUR,0.0,0.0,0.0,0.0,1,0,0.0,0.0,BFA,248.908526921752,11925546.0,50.808
2000,CAF,0.0,0.0,0.0,0.0,1,0,0.0,0.0,CAF,239.154133726071,3833416.0,46.609
2000,CAM,0.0,0.0,0.0,0.0,1,0,0.0,0.0,KHM,296.426687526334,12462336.0,59.491
2000,CAN,8.0,3.0,3.0,14.0,1,1,22.0,20.0,CAN,24271.0020563821,30685730.0,79.1668292682927
2000,CAY,0.0,0.0,0.0,0.0,1,0,0.0,0.0,CYM,3232.570068130985,39674.0,74.378
2000,CGO,0.0,0.0,0.0,0.0,1,0,0.0,0.0,COG,1024.30159109181,3151345.0,55.371
2000,CHA,0.0,0.0,0.0,0.0,1,0,0.0,0.0,TCD,163.121663683369,8512093.0,47.937
2000,CHI,1.0,0.0,0.0,1.0,1,1,0.0,0.0,CHL,5052.99245766325,15503635.0,77.128
2000,CHN,14.0,28.0,16.0,58.0,1,1,50.0,51.5,CHN,969.199513696287,1262645000.0,72.288
2000,CIV,0.0,0.0,0.0,0.0,1,0,0.0,0.0,CIV,936.636541348798,17699004.0,51.393
2000,CMR,0.0,1.0,0.0,1.0,1,1,0.0,0.0,CMR,708.565731625965,14912631.0,53.338
2000,COD,0.0,0.0,0.0,0.0,1,0,0.0,0.0,COD,377.925421481395,50507442.0,51.887
2000,COK,0.0,0.0,0.0,0.0,1,0,0.0,0.0,COK,3232.570068130985,6577959.0,70.65100000000001
2000,COL,0.0,1.0,0.0,1.0,1,1,0.0,0.5,COL,2555.00751039968,39089934.0,70.905
2000,COM,0.0,0.0,0.0,0.0,1,0,0.0,0.0,COM,633.309032776244,536080.0,58.941
2000,CPV,0.0,0.0,0.0,0.0,1,0,0.0,0.0,CPV,1189.51479345891,453317.0,68.117
2000,CRC,2.0,0.0,0.0,2.0,1,1,1.0,0.5,CRI,3812.75386183689,3937739.0,77.317
2000,CRO,1.0,1.0,0.0,2.0,1,1,2.0,2.5,HRV,4953.57515008131,4468302.0,72.8078048780488
2000,CUB,7.0,11.0,11.0,29.0,1,1,25.0,28.0,CUB,2751.3817714814,11109109.0,75.922
2000,CYP,0.0,0.0,0.0,0.0,1,0,0.0,0.0,CYP,14388.3525390625,947667.0,77.9
2000,CZE,3.0,2.0,3.0,8.0,1,1,11.0,11.0,CZE,6062.92152842793,10255063.0,74.9682926829268
2000,DEN,1.0,2.0,3.0,6.0,1,1,6.0,6.0,DNK,30722.0251837567,5339616.0,76.5926829268293
2000,DJI,0.0,0.0,0.0,0.0,1,0,0.0,0.0,DJI,737.612183644052,747318.0,56.734
2000,DMA,0.0,0.0,0.0,0.0,1,0,0.0,0.0,DMA,4867.39896323759,68511.0,71.715
2000,DOM,0.0,0.0,0.0,0.0,1,0,0.0,0.0,DOM,2831.45883638033,8584190.0,70.365
2000,ECU,0.0,0.0,0.0,0.0,1,0,1.0,0.5,ECU,1382.23421759909,12689206.0,72.09
2000,EGY,0.0,0.0,0.0,0.0,1,0,0.0,0.0,EGY,1366.09274372613,73083284.0,67.332
2000,ERI,0.0,0.0,0.0,0.0,1,0,0.0,0.0,ERI,314.357396753501,2247031.0,56.285
2000,ESA,0.0,0.0,0.0,0.0,1,0,0.0,0.0,SLV,1982.87093542615,5943366.0,67.711
2000,ESP,5.0,3.0,3.0,11.0,1,1,17.0,19.5,ESP,14743.2671031455,40567864.0,78.9658536585366
2000,EST,2.0,1.0,0.0,3.0,1,1,0.0,1.0,EST,4070.60902410208,1396985.0,70.4170731707317
2000,ETH,3.0,4.0,1.0,8.0,1,1,3.0,3.0,ETH,122.269202606069,67411494.0,50.88
2000,FIJ,0.0,0.0,0.0,0.0,1,0,0.0,0.0,FJI,1995.72071163264,840909.0,66.194
2000,FIN,1.0,2.0,1.0,4.0,1,1,4.0,4.5,FIN,24335.9225082659,5176209.0,77.4658536585366
2000,FRA,11.0,13.0,14.0,38.0,1,1,37.0,33.0,FRA,22340.5939516217,60918661.0,79.0560975609756
2000,FSM,0.0,0.0,0.0,0.0,1,0,0.0,0.0,FSM,2049.34490021777,112044.0,64.317
2000,GAB,0.0,0.0,0.0,0.0,1,0,0.0,0.0,GAB,3982.906200928,1275572.0,61.81
2000,GAM,0.0,0.0,0.0,0.0,1,0,0.0,0.0,GMB,538.054072348854,1455084.0,56.899
2000,GBR,7.0,11.0,10.0,28.0,1,1,15.0,17.5,GBR,28383.8761094996,58892514.0,77.7414634146342
2000,GBS,0.0,0.0,0.0,0.0,1,0,0.0,0.0,GNB,316.945495037639,1234741.0,50.565
2000,GEO,6.0,0.0,0.0,6.0,1,1,2.0,2.0,GEO,749.908534993961,4077131.0,70.091
2000,GEQ,0.0,0.0,0.0,0.0,1,0,0.0,0.0,GNQ,1487.3165506701,703279.0,53.395
2000,GER,26.0,13.0,17.0,56.0,1,1,65.0,73.5,DEU,23925.8559901991,82211508.0,77.9268292682927
2000,GHA,0.0,0.0,0.0,0.0,1,0,0.0,0.5,GHA,253.746936203344,19637087.0,58.139
2000,GRE,3.0,4.0,6.0,13.0,1,1,8.0,5.0,GRC,11638.2010697215,10805808.0,77.8878048780488
2000,GRN,0.0,0.0,0.0,0.0,1,0,0.0,0.0,GRD,4839.82811114248,107451.0,72.955
2000,GUA,0.0,0.0,0.0,0.0,1,0,0.0,0.0,GTM,1648.96578971559,11697592.0,67.102
2000,GUI,0.0,0.0,0.0,0.0,1,0,0.0,0.0,GIN,518.157066924026,8428832.0,52.42
2000,GUM,0.0,0.0,0.0,0.0,1,0,0.0,0.0,GUM,3232.570068130985,160065.0,74.894
2000,GUY,0.0,0.0,0.0,0.0,1,0,0.0,0.0,GUY,931.796651718955,764832.0,64.075
2000,HAI,0.0,0.0,0.0,0.0,1,0,0.0,0.0,HTI,820.600046761464,8303151.0,58.175
2000,HKG,0.0,0.0,0.0,0.0,1,0,1.0,0.5,CHN,969.199513696287,1262645000.0,72.288
2000,HON,0.0,0.0,0.0,0.0,1,0,0.0,0.0,HND,1092.56400746252,6577773.0,68.302
2000,HUN,3.0,8.0,6.0,17.0,1,1,21.0,25.5,HUN,4629.91760812548,10210971.0,71.2463414634146
2000,INA,2.0,1.0,3.0,6.0,1,1,4.0,4.5,IDN,763.711124950924,216077790.0,66.292
2000,IND,1.0,0.0,0.0,1.0,1,1,1.0,0.5,IND,442.750218937263,1057922733.0,62.749
2000,IOA,0.0,0.0,0.0,0.0,1,0,3.0,3.0,,3232.570068130985,6577959.0,70.65100000000001
2000,IRI,1.0,3.0,0.0,4.0,1,1,3.0,3.0,IRN,1650.01385833785,66418659.0,70.166
2000,IRL,0.0,0.0,1.0,1.0,1,1,4.0,3.0,IRL,26334.5672050501,3805174.0,76.5365853658537
2000,IRQ,0.0,0.0,0.0,0.0,1,0,0.0,0.0,IRQ,1980.18916038782,24424056.0,64.86
2000,ISL,1.0,0.0,0.0,1.0,1,1,0.0,0.0,ISL,32503.578963236,281205.0,79.6536585365854
2000,ISR,1.0,0.0,0.0,1.0,1,1,1.0,1.5,ISR,21690.237340061,6289000.0,78.9536585365854
2000,ISV,0.0,0.0,0.0,0.0,1,0,0.0,0.0,VIR,3232.570068130985,108642.0,76.619512195122
2000,ITA,13.0,13.0,8.0,34.0,1,1,35.0,27.0,ITA,20190.0035636084,56942108.0,79.7780487804878
2000,IVB,0.0,0.0,0.0,0.0,1,0,0.0,0.0,VGB,3232.570068130985,20241.0,74.753
2000,JAM,3.0,0.0,6.0,9.0,1,1,6.0,5.0,JAM,3453.09252800226,2607826.0,71.281
2000,JOR,0.0,0.0,0.0,0.0,1,0,0.0,0.0,JOR,1570.61002940477,5386945.0,71.926
2000,JPN,5.0,5.0,8.0,18.0,1,1,14.0,18.0,JPN,39752.937397755,126843000.0,81.0760975609756
2000,KAZ,0.0,3.0,4.0,7.0,1,1,11.0,11.0,KAZ,1180.0444563226,15501103.0,63.793
2000,KEN,2.0,2.0,3.0,7.0,1,1,8.0,8.0,KEN,414.626365130846,30642890.0,56.084
2000,KGZ,1.0,0.0,0.0,1.0,1,1,0.0,0.0,KGZ,279.621738464365,4898362.0,68.5585365853659
2000,KOR,10.0,8.0,10.0,28.0,1,1,27.0,27.5,KOR,12710.2995795579,47008111.0,75.909756097561
2000,KSA,1.0,0.0,1.0,2.0,1,1,0.0,0.0,SAU,11714.5623675159,16177722.0,72.607
2000,KUW,1.0,0.0,0.0,1.0,1,1,0.0,0.0,KWT,19296.3471698729,1954709.0,76.2258780487805
2000,LAO,0.0,0.0,0.0,0.0,1,0,0.0,0.0,LAO,318.749852236965,5431212.0,58.317
2000,LAT,1.0,1.0,1.0,3.0,1,1,1.0,2.0,LVA,3278.17896440803,2367550.0,70.3146341463415
2000,LBA,0.0,0.0,0.0,0.0,1,0,0.0,0.0,LBY,7214.10040377084,5305021.0,70.542
2000,LBR,0.0,0.0,0.0,0.0,1,0,0.0,0.0,LBR,298.485340578945,2928117.0,51.852
2000,LCA,0.0,0.0,0.0,0.0,1,0,0.0,0.0,LCA,5879.56191426207,158616.0,70.779
2000,LES,0.0,0.0,0.0,0.0,1,0,0.0,0.0,LSO,442.779545779081,2003913.0,48.783
2000,LIB,0.0,0.0,0.0,0.0,1,0,0.0,0.0,LBN,3986.83513941026,4329340.0,73.895
2000,LIE,0.0,0.0,0.0,0.0,1,0,0.0,0.0,LIE,76087.911114202,32645.0,76.8268292682927
2000,LTU,3.0,2.0,0.0,5.0,1,1,1.0,1.5,LTU,3300.63634928559,3499536.0,72.0195121951219
2000,LUX,0.0,0.0,0.0,0.0,1,0,0.0,0.0,LUX,48659.6390968187,436300.0,77.8731707317073
2000,MAD,0.0,0.0,0.0,0.0,1,0,0.0,0.0,MDG,280.282905559649,16516338.0,57.974
2000,MAR,4.0,0.0,1.0,5.0,1,1,2.0,2.5,MAR,1499.107421875,28423435.0,66.794
2000,MAS,0.0,0.0,0.0,0.0,1,0,2.0,1.5,MYS,4083.52874483605,22967816.0,72.732
2000,MAW,0.0,0.0,0.0,0.0,1,0,0.0,0.0,MWI,224.22415918428,11315942.0,46.17
2000,MDA,1.0,0.0,1.0,2.0,1,1,2.0,2.0,MDA,440.538683980372,2924668.0,67.462
2000,MDV,0.0,0.0,0.0,0.0,1,0,0.0,0.0,MDV,2213.81235053178,282019.0,70.892
2000,MEX,3.0,1.0,2.0,6.0,1,1,1.0,1.0,MEX,7524.0271380091,98625552.0,72.562
2000,MGL,0.0,0.0,0.0,0.0,1,0,1.0,1.5,MNG,476.02755082717,2388299.0,63.2104878048781
2000,MKD,1.0,0.0,0.0,1.0,1,1,0.0,0.0,MKD,1861.89899780644,2026350.0,72.9463414634147
2000,MLI,0.0,0.0,0.0,0.0,1,0,0.0,0.0,MLI,304.652870189314,11559290.0,50.605
2000,MLT,0.0,0.0,0.0,0.0,1,0,0.0,0.0,MLT,10348.485765125,390087.0,78.3487804878049
2000,MON,0.0,0.0,0.0,0.0,1,0,0.0,0.0,MCO,81789.014508777,32455.0,82.121
2000,MOZ,0.0,1.0,0.0,1.0,1,1,1.0,0.5,MOZ,327.12623979157,18129653.0,49.476
2000,MRI,0.0,0.0,0.0,0.0,1,0,0.0,0.0,MUS,3981.98343249582,1186873.0,71.6634146341463
2000,MTN,0.0,0.0,0.0,0.0,1,0,0.0,0.0,MRT,680.911061879778,2613441.0,61.044
2000,MYA,0.0,0.0,0.0,0.0,1,0,0.0,0.0,MMR,196.619580625284,45290841.0,60.357
2000,NAM,0.0,0.0,0.0,0.0,1,0,2.0,2.0,NAM,2156.67590512714,1818647.0,52.946
2000,NCA,0.0,0.0,0.0,0.0,1,0,0.0,0.0,NIC,1017.3124434882,5022633.0,66.36
2000,NED,4.0,12.0,9.0,25.0,1,1,19.0,17.0,NLD,26225.1697734149,15925513.0,77.9878048780488
2000,NEP,0.0,0.0,0.0,0.0,1,0,0.0,0.0,NPL,223.830289183078,24546509.0,62.642
2000,NGR,0.0,1.0,2.0,3.0,1,1,6.0,5.0,NGA,547.318298903379,126382494.0,47.143
2000,NIG,0.0,0.0,0.0,0.0,1,0,0.0,0.0,NER,194.771959898935,11509630.0,49.172
2000,NOR,3.0,4.0,3.0,10.0,1,1,7.0,7.0,NOR,37991.8907576589,4490967.0,78.6341463414634
2000,NRU,0.0,0.0,0.0,0.0,1,0,0.0,0.0,NRU,2648.60152860938,10168.0,59.574
2000,NZL,3.0,1.0,0.0,4.0,1,1,6.0,8.0,NZL,13641.1027183822,3857700.0,78.6365853658537
2000,OMA,0.0,0.0,0.0,0.0,1,0,0.0,0.0,OMN,9753.84755185404,2282131.0,73.643
2000,PAK,0.0,0.0,0.0,0.0,1,0,0.0,0.5,PAK,642.338346499898,154879127.0,61.903
2000,PAN,0.0,0.0,0.0,0.0,1,0,0.0,0.0,PAN,3975.09308659503,3010369.0,73.443
2000,PAR,0.0,0.0,0.0,0.0,1,0,0.0,0.0,PRY,1736.11729210765,5100868.0,70.026
2000,PER,0.0,0.0,0.0,0.0,1,0,0.0,0.5,PER,1945.41338451698,26598331.0,69.821
2000,PHI,0.0,0.0,0.0,0.0,1,0,1.0,1.0,PHL,1050.79273107952,79625397.0,67.789
2000,PLE,0.0,0.0,0.0,0.0,1,0,0.0,0.0,PSE,1476.17185000238,2922153.0,70.298
2000,PLW,0.0,0.0,0.0,0.0,1,0,0.0,0.0,PLW,7798.07510558974,19178.0,64.499
2000,PNG,0.0,0.0,0.0,0.0,1,0,0.0,0.0,PNG,635.957919047725,5537064.0,61.609
2000,POL,3.0,6.0,5.0,14.0,1,1,17.0,18.0,POL,4520.64100449111,38258629.0,73.7487804878049
2000,POR,2.0,0.0,0.0,2.0,1,1,2.0,1.0,PRT,11526.3720667968,10289898.0,76.3146341463415
2000,PRK,3.0,0.0,1.0,4.0,1,1,5.0,7.0,PRK,3232.570068130985,23665910.0,60.911
2000,PUR,0.0,0.0,0.0,0.0,1,0,1.0,1.0,PRI,16192.1269719638,3810605.0,75.514
2000,QAT,1.0,0.0,0.0,1.0,1,1,0.0,0.5,QAT,27535.182940934,644989.0,75.25
2000,ROU,9.0,11.0,6.0,26.0,1,1,19.0,18.5,ROU,1659.92904910528,22442971.0,71.1634146341463
2000,RSA,3.0,0.0,2.0,5.0,1,1,5.0,3.5,ZAF,3217.84693448467,47159719.0,58.368
2000,RUS,29.0,32.0,28.0,89.0,1,1,63.0,31.5,RUS,1771.59411621094,146596869.0,65.4836585365854
2000,RWA,0.0,0.0,0.0,0.0,1,0,0.0,0.0,RWA,251.86926386091,8213931.0,47.798
2000,SAM,0.0,0.0,0.0,0.0,1,0,0.0,0.0,WSM,1424.75240002471,181685.0,70.791
2000,SCG,1.0,1.0,1.0,3.0,1,1,4.0,4.0,SRB,974.725469278615,7516346.0,71.5829268292683
2000,SEN,0.0,0.0,0.0,0.0,1,0,0.0,0.0,SEN,603.233162455158,9968260.0,57.615
2000,SEY,0.0,0.0,0.0,0.0,1,0,0.0,0.0,SYC,8063.65500575169,81131.0,72.7780487804878
2000,SGP,0.0,0.0,0.0,0.0,1,0,0.0,0.0,,3232.570068130985,6577959.0,70.65100000000001
2000,SKN,0.0,0.0,0.0,0.0,1,0,0.0,0.0,KNA,9319.65545093525,45248.0,69.249
2000,SLE,0.0,0.0,0.0,0.0,1,0,0.0,0.0,SLE,143.743743239644,4423611.0,44.834
2000,SLO,0.0,2.0,0.0,2.0,1,1,2.0,2.0,SVN,10135.7219109212,1988925.0,75.4121951219512
2000,SMR,0.0,0.0,0.0,0.0,1,0,0.0,0.0,SMR,37600.7049136309,26799.0,80.504
2000,SOL,0.0,0.0,0.0,0.0,1,0,0.0,0.0,SLB,953.17190137706,440469.0,67.116
2000,SOM,0.0,0.0,0.0,0.0,1,0,0.0,0.0,SOM,386.119274401275,8838713.0,50.747
2000,SRI,0.0,0.0,1.0,1.0,1,1,0.0,0.0,LKA,860.199884304769,19293054.0,71.179
2000,STP,0.0,0.0,0.0,0.0,1,0,0.0,0.0,STP,529.089383412262,144018.0,61.207
2000,SUD,0.0,0.0,0.0,0.0,1,0,0.0,0.0,SDN,362.116882324219,27816745.0,58.946
2000,SUI,2.0,1.0,6.0,9.0,1,1,7.0,4.0,CHE,39298.0968042444,7184250.0,79.6804878048781
2000,SUR,0.0,0.0,0.0,0.0,1,0,0.0,0.5,SUR,1988.22172925433,476643.0,64.409
2000,SVK,1.0,1.0,3.0,5.0,1,1,3.0,3.0,SVK,3827.72506501314,5388720.0,73.0512195121951
2000,SWE,3.0,4.0,5.0,12.0,1,1,8.0,10.0,SWE,29632.5890811623,8872109.0,79.6439024390244
2000,SWZ,0.0,0.0,0.0,0.0,1,0,0.0,0.0,SWZ,1629.67038842815,1041414.0,47.627
2000,SYR,0.0,0.0,0.0,0.0,1,0,1.0,0.5,SYR,1138.18722723683,16637888.0,70.856
2000,TAN,0.0,0.0,0.0,0.0,1,0,0.0,0.0,TZA,401.698150634766,34260139.0,53.244
2000,TGA,0.0,0.0,0.0,0.0,1,0,1.0,0.5,TON,1995.07667546271,102677.0,69.635
2000,THA,2.0,1.0,0.0,3.0,1,1,2.0,1.5,THA,2005.97694514234,63007815.0,71.205
2000,TJK,0.0,0.0,0.0,0.0,1,0,0.0,0.0,TJK,136.925716400723,6284735.0,63.542
2000,TKM,0.0,0.0,0.0,0.0,1,0,0.0,0.0,TKM,633.835487638011,4582677.0,64.931
2000,TOG,0.0,0.0,0.0,0.0,1,0,0.0,0.0,TGO,440.420399069497,4783722.0,54.587
2000,TPE,4.0,0.0,1.0,5.0,1,1,1.0,1.0,,3232.570068130985,6577959.0,70.65100000000001
2000,TTO,1.0,0.0,1.0,2.0,1,1,2.0,1.0,TTO,6178.58975559687,1319774.0,68.629
2000,TUN,0.0,0.0,0.0,0.0,1,0,1.0,0.5,TUN,2199.04465936314,9764935.0,72.604
2000,TUR,2.0,3.0,0.0,5.0,1,1,6.0,6.0,TUR,4199.3798635759,65425961.0,71.931
2000,UAE,0.0,0.0,0.0,0.0,1,0,0.0,0.0,ARE,29865.5285002232,3493575.0,76.347
2000,UGA,0.0,0.0,0.0,0.0,1,0,1.0,0.5,UGA,258.050338731086,24000150.0,49.64
2000,UKR,10.0,3.0,10.0,23.0,1,1,23.0,23.0,UKR,653.294311523438,49556660.0,67.786
2000,URU,0.0,0.0,1.0,1.0,1,1,0.0,0.0,URY,6987.70098766257,3266206.0,74.693
2000,USA,31.0,36.0,24.0,91.0,1,1,101.0,104.5,USA,36329.9702595751,282162411.0,76.6365853658537
2000,UZB,2.0,1.0,1.0,4.0,1,1,2.0,2.0,UZB,555.149231099186,24787054.0,65.456
2000,VAN,0.0,0.0,0.0,0.0,1,0,0.0,0.0,VUT,1460.23817692229,186281.0,68.586
2000,VEN,0.0,0.0,0.0,0.0,1,0,0.0,0.0,VEN,4776.2816763938,24526708.0,72.388
2000,VIE,0.0,0.0,1.0,1.0,1,1,0.0,0.0,VNM,404.029784055118,77154011.0,72.746
2000,VIN,0.0,0.0,0.0,0.0,1,0,0.0,0.0,VCT,3768.95536604022,113545.0,70.35
2000,YEM,0.0,0.0,0.0,0.0,1,0,0.0,0.0,YEM,493.235182634814,19624141.0,62.761
2000,ZAM,0.0,0.0,0.0,0.0,1,0,1.0,0.5,ZMB,359.429500988221,10017631.0,46.577
2000,ZIM,0.0,0.0,0.0,0.0,1,0,0.0,0.0,ZWE,562.833757496076,11892055.0,46.034
2004,AFG,0.0,0.0,0.0,0.0,1,0,0.0,0.0,AFG,221.763653873013,23560654.0,57.81
2004,AHO,0.0,0.0,0.0,0.0,1,0,0.0,0.0,CUW,16671.3403391655,134192.0,73.735
2004,ALB,0.0,0.0,0.0,0.0,1,0,0.0,0.0,ALB,2446.90949947798,3026939.0,75.951
2004,ALG,0.0,0.0,0.0,0.0,1,0,5.0,4.0,DZA,2816.99384960555,32628286.0,72.536
2004,AND,0.0,0.0,0.0,0.0,1,0,0.0,0.0,AND,39021.1278078772,74325.0,82.815
2004,ANG,0.0,0.0,0.0,0.0,1,0,0.0,0.0,AGO,1451.47117870872,18600423.0,51.123
2004,ANT,0.0,0.0,0.0,0.0,1,0,0.0,0.0,ATG,13037.8895772257,78719.0,75.329
2004,ARG,4.0,2.0,0.0,6.0,1,1,4.0,3.5,ARG,4242.02099089422,38815916.0,74.871
2004,ARM,0.0,0.0,0.0,0.0,1,0,1.0,1.5,ARM,1130.08791444158,3164900.0,73.0268292682927
2004,ARU,0.0,0.0,0.0,0.0,1,0,0.0,0.0,ABW,23700.6319899197,95138.0,73.223
2004,ASA,0.0,0.0,0.0,0.0,1,0,0.0,0.0,ASM,8958.42866697173,56818.0,72.277
2004,AUS,17.0,17.0,16.0,50.0,1,1,58.0,49.5,AUS,30886.0500949401,19932722.0,80.490243902439
2004,AUT,1.0,2.0,4.0,7.0,1,1,3.0,3.0,AUT,36614.2506533707,8171966.0,79.1804878048781
2004,AZE,4.0,1.0,0.0,5.0,1,1,3.0,2.0,AZE,1045.0136328106,8306500.0,67.488
2004,BAH,1.0,1.0,0.0,2.0,1,1,3.0,2.0,BHS,26650.2934234303,339782.0,73.235
2004,BAN,0.0,0.0,0.0,0.0,1,0,0.0,0.0,BGD,455.614016909798,142902856.0,64.912
2004,BAR,0.0,0.0,0.0,0.0,1,0,1.0,0.5,BRB,12886.3665272467,267298.0,75.15
2004,BDI,0.0,0.0,0.0,0.0,1,0,0.0,0.5,BDI,125.194965184533,7310656.0,52.217
2004,BEL,2.0,1.0,0.0,3.0,1,1,5.0,5.5,BEL,35429.4077933344,10421137.0,78.8780487804878
2004,BEN,0.0,0.0,0.0,0.0,1,0,0.0,0.0,BEN,758.695803786371,8159094.0,57.346
2004,BER,0.0,0.0,0.0,0.0,1,0,0.0,0.0,BMU,71692.1589001679,62555.0,78.898
2004,BHU,0.0,0.0,0.0,0.0,1,0,0.0,0.0,BTN,1130.35934606796,650544.0,65.29
2004,BIH,0.0,0.0,0.0,0.0,1,0,0.0,0.0,BIH,2452.6860917386,4140987.0,76.489
2004,BIZ,0.0,0.0,0.0,0.0,1,0,0.0,0.0,BLZ,5153.71308265363,271688.0,70.152
2004,BLR,6.0,2.0,5.0,13.0,1,1,17.0,16.0,BLR,2378.33700470129,9730146.0,68.9560975609756
2004,BOL,0.0,0.0,0.0,0.0,1,0,0.0,0.0,BOL,953.191893246277,9204287.0,63.819
2004,BOT,0.0,0.0,0.0,0.0,1,0,0.0,0.0,BWA,4956.69287735214,1807146.0,53.573
2004,BRA,3.0,5.0,2.0,10.0,1,1,12.0,13.5,BRA,3663.823188064,182675143.0,71.361
2004,BRN,0.0,0.0,0.0,0.0,1,0,0.0,0.0,BHR,15963.9493171617,823741.0,75.787
2004,BRU,0.0,0.0,0.0,0.0,1,0,0.0,0.0,BRN,24423.0946995548,352911.0,74.603
2004,BUL,9.0,2.0,1.0,12.0,1,1,13.0,14.0,BGR,3389.86047992391,7716860.0,72.5634146341463
2004,BUR,0.0,0.0,0.0,0.0,1,0,0.0,0.0,BFA,403.81283743461,13500533.0,52.6
2004,CAF,0.0,0.0,0.0,0.0,1,0,0.0,0.0,CAF,303.461321152782,4192826.0,47.696
2004,CAM,0.0,0.0,0.0,0.0,1,0,0.0,0.0,KHM,444.199067529081,13244731.0,63.256
2004,CAN,3.0,3.0,6.0,12.0,1,1,14.0,18.0,CAN,32145.5653280273,31938807.0,79.9921951219512
2004,CAY,0.0,0.0,0.0,0.0,1,0,0.0,0.0,CYM,3232.570068130985,45352.0,74.596
2004,CGO,0.0,0.0,0.0,0.0,1,0,0.0,0.0,COG,1306.10136324599,3565554.0,57.957
2004,CHA,0.0,0.0,0.0,0.0,1,0,0.0,0.0,TCD,445.850767157087,9920036.0,48.687
2004,CHI,1.0,2.0,0.0,3.0,1,1,1.0,0.5,CHL,6120.59152055344,16187322.0,78.276
2004,CHN,14.0,32.0,17.0,63.0,1,1,58.0,54.0,CHN,1530.92726215723,1296075000.0,73.727
2004,CIV,0.0,0.0,0.0,0.0,1,0,0.0,0.0,CIV,1199.82524528546,19595000.0,51.939
2004,CMR,0.0,1.0,0.0,1.0,1,1,1.0,0.5,CMR,1133.39326749673,16610487.0,54.578
2004,COD,0.0,0.0,0.0,0.0,1,0,0.0,0.0,COD,180.664764963633,56997741.0,53.534
2004,COK,0.0,0.0,0.0,0.0,1,0,0.0,0.0,COK,3232.570068130985,6577959.0,70.65100000000001
2004,COL,2.0,0.0,0.0,2.0,1,1,1.0,0.5,COL,2818.57195413044,41543171.0,72.76
2004,COM,0.0,0.0,0.0,0.0,1,0,0.0,0.0,COM,1072.28409029621,580704.0,60.557
2004,CPV,0.0,0.0,0.0,0.0,1,0,0.0,0.0,CPV,1929.49081468781,479370.0,70.499
2004,CRC,0.0,0.0,0.0,0.0,1,0,2.0,1.5,CRI,4431.01172024063,4200078.0,78.512
2004,CRO,2.0,1.0,2.0,5.0,1,1,2.0,2.0,HRV,9718.92771524605,4304600.0,75.520243902439
2004,CUB,11.0,9.0,7.0,27.0,1,1,29.0,27.0,CUB,3399.21962893402,11238756.0,77.326
2004,CYP,0.0,0.0,0.0,0.0,1,0,0.0,0.0,CYP,23792.619140625,1017875.0,79.007
2004,CZE,5.0,1.0,3.0,9.0,1,1,8.0,9.5,CZE,11782.5546676117,10197101.0,75.7219512195122
2004,DEN,5.0,2.0,1.0,8.0,1,1,6.0,6.0,DNK,46625.050098011,5404523.0,77.4926829268293
2004,DMA,0.0,0.0,0.0,0.0,1,0,0.0,0.0,DMA,5778.83306546506,68649.0,71.987
2004,DOM,0.0,1.0,0.0,1.0,1,1,0.0,0.0,DOM,2451.69161616569,9104892.0,70.73
2004,ECU,0.0,0.0,0.0,0.0,1,0,0.0,0.5,ECU,2586.20914663347,13608701.0,73.868
2004,EGY,3.0,1.0,1.0,5.0,1,1,0.0,0.0,EGY,991.255689145253,79477443.0,68.211
2004,ERI,1.0,0.0,0.0,1.0,1,1,0.0,0.0,ERI,426.840947887032,2598284.0,60.063
2004,ESA,0.0,0.0,0.0,0.0,1,0,0.0,0.0,SLV,2285.68907438892,6004671.0,69.295
2004,ESP,6.0,3.0,11.0,20.0,1,1,11.0,14.0,ESP,24925.0267844576,42921895.0,79.8707317073171
2004,EST,2.0,0.0,1.0,3.0,1,1,3.0,1.5,EST,8916.0728274602,1362550.0,71.909756097561
2004,ETH,2.0,2.0,3.0,7.0,1,1,8.0,5.5,ETH,133.169812538096,76077206.0,53.735
2004,FIJ,0.0,0.0,0.0,0.0,1,0,0.0,0.0,FJI,3097.19096651759,874366.0,65.841
2004,FIN,0.0,0.0,2.0,2.0,1,1,4.0,4.0,FIN,37768.1334202029,5228172.0,78.7146341463415
2004,FRA,13.0,11.0,9.0,33.0,1,1,38.0,37.5,FRA,33644.9282220364,62707588.0,80.1634146341463
2004,FSM,0.0,0.0,0.0,0.0,1,0,0.0,0.0,FSM,2104.42796515524,111925.0,64.898
2004,GAB,0.0,0.0,0.0,0.0,1,0,0.0,0.0,GAB,5465.79193590708,1421609.0,62.694
2004,GAM,0.0,0.0,0.0,0.0,1,0,0.0,0.0,GMB,593.285346326581,1621312.0,58.749
2004,GBR,12.0,9.0,9.0,30.0,1,1,28.0,21.5,GBR,40504.4118103928,59987905.0,78.7463414634146
2004,GBS,0.0,0.0,0.0,0.0,1,0,0.0,0.0,GNB,431.376557669634,1349563.0,52.8
2004,GEO,0.0,2.0,2.0,4.0,1,1,6.0,4.0,GEO,1305.04748557208,3927340.0,71.011
2004,GEQ,0.0,0.0,0.0,0.0,1,0,0.0,0.0,GNQ,4901.30127408119,899917.0,55.307
2004,GER,20.0,13.0,16.0,49.0,1,1,56.0,60.5,DEU,34566.7359143735,82516260.0,78.6804878048781
2004,GHA,0.0,0.0,0.0,0.0,1,0,0.0,0.0,GHA,406.132105329565,21868298.0,59.316
2004,GRE,4.0,6.0,6.0,16.0,1,1,13.0,10.5,GRC,21449.2552764245,10955141.0,79.0390243902439
2004,GRN,0.0,0.0,0.0,0.0,1,0,0.0,0.0,GRD,5480.26117644588,109323.0,72.447
2004,GUA,0.0,0.0,0.0,0.0,1,0,0.0,0.0,GTM,1840.91184884,12807402.0,68.245
2004,GUI,0.0,0.0,0.0,0.0,1,0,0.0,0.0,GIN,584.897740538081,9062726.0,53.975
2004,GUM,0.0,0.0,0.0,0.0,1,0,0.0,0.0,GUM,23618.8266894573,163810.0,76.114
2004,GUY,0.0,0.0,0.0,0.0,1,0,0.0,0.0,GUY,1033.31030902188,762418.0,64.214
2004,HAI,0.0,0.0,0.0,0.0,1,0,0.0,0.0,HTI,683.185298155273,8910263.0,58.517
2004,HKG,0.0,0.0,1.0,1.0,1,1,0.0,0.5,CHN,1530.92726215723,1296075000.0,73.727
2004,HON,0.0,0.0,0.0,0.0,1,0,0.0,0.0,HND,1215.13995412761,7298994.0,69.05
2004,HUN,3.0,8.0,6.0,17.0,1,1,17.0,19.0,HUN,10291.2694721409,10107146.0,72.6487804878049
2004,INA,2.0,1.0,1.0,4.0,1,1,6.0,5.0,IDN,1126.84004447173,227926649.0,65.521
2004,IND,0.0,0.0,1.0,1.0,1,1,1.0,1.0,IND,624.258826510066,1135991513.0,64.484
2004,IRI,2.0,2.0,2.0,6.0,1,1,4.0,3.5,IRN,2672.4226651404,70256316.0,72.04
2004,IRL,0.0,0.0,0.0,0.0,1,0,1.0,2.5,IRL,47754.2023194244,4070262.0,78.5390243902439
2004,IRQ,0.0,0.0,0.0,0.0,1,0,0.0,0.0,IRQ,1328.37157628292,27577878.0,64.634
2004,ISL,0.0,0.0,0.0,0.0,1,0,1.0,0.5,ISL,47809.6073050042,292074.0,80.9975609756098
2004,ISR,1.0,1.0,0.0,2.0,1,1,1.0,1.0,ISR,20550.0694706176,6809000.0,80.1463414634146
2004,ISV,0.0,0.0,0.0,0.0,1,0,0.0,0.0,VIR,35006.3614404514,108466.0,77.7731707317073
2004,ITA,11.0,10.0,11.0,32.0,1,1,34.0,34.5,ITA,31348.1901841445,57828179.0,80.7804878048781
2004,IVB,0.0,0.0,0.0,0.0,1,0,0.0,0.0,VGB,3232.570068130985,22881.0,75.404
2004,JAM,2.0,2.0,1.0,5.0,1,1,9.0,7.5,JAM,3807.56293124552,2672225.0,71.542
2004,JOR,0.0,0.0,0.0,0.0,1,0,0.0,0.0,JOR,1940.08641342805,5882061.0,72.788
2004,JPN,12.0,16.0,9.0,37.0,1,1,18.0,16.0,JPN,38677.5708064787,127761000.0,82.030243902439
2004,KAZ,3.0,1.0,4.0,8.0,1,1,7.0,9.0,KAZ,2722.47407755402,15850159.0,65.04
2004,KEN,2.0,1.0,4.0,7.0,1,1,7.0,7.5,KEN,463.662781300121,34713455.0,57.947
2004,KGZ,0.0,0.0,0.0,0.0,1,0,1.0,0.5,KGZ,433.233873286,5104713.0,68.1536585365854
2004,KIR,0.0,0.0,0.0,0.0,1,0,0.0,0.0,KIR,1083.2688987175,96085.0,65.416
2004,KOR,9.0,9.0,12.0,30.0,1,1,28.0,27.5,KOR,17121.6301633201,48082519.0,77.6658536585366
2004,KSA,0.0,0.0,0.0,0.0,1,0,2.0,1.0,SAU,13154.4978989446,19669480.0,74.027
2004,KUW,0.0,0.0,0.0,0.0,1,0,1.0,0.5,KWT,27552.2827399787,2157320.0,76.7276829268293
2004,LAO,0.0,0.0,0.0,0.0,1,0,0.0,0.0,LAO,409.296298284117,5781626.0,60.08
2004,LAT,0.0,0.0,4.0,4.0,1,1,3.0,2.0,LVA,6109.73265186817,2263122.0,72.0268292682927
2004,LBA,0.0,0.0,0.0,0.0,1,0,0.0,0.0,LBY,5773.76333234281,5736693.0,71.21
2004,LBR,0.0,0.0,0.0,0.0,1,0,0.0,0.0,LBR,284.140223992458,3156892.0,55.949
2004,LCA,0.0,0.0,0.0,0.0,1,0,0.0,0.0,LCA,6494.60034867886,164239.0,72.453
2004,LES,0.0,0.0,0.0,0.0,1,0,0.0,0.0,LSO,766.685820928242,1971129.0,44.039
2004,LIB,0.0,0.0,0.0,0.0,1,0,0.0,0.0,LBN,4600.68371412993,4599279.0,75.693
2004,LIE,0.0,0.0,0.0,0.0,1,0,0.0,0.0,LIE,100280.831356705,34447.0,81.7707317073171
2004,LTU,0.0,1.0,2.0,3.0,1,1,5.0,3.0,LTU,6734.57487061946,3377075.0,71.9609756097561
2004,LUX,0.0,0.0,0.0,0.0,1,0,0.0,0.0,LUX,76544.9170868473,458095.0,79.1219512195122
2004,MAD,0.0,0.0,0.0,0.0,1,0,0.0,0.0,MDG,272.20074858856,18606608.0,60.168
2004,MAR,0.0,2.0,1.0,3.0,1,1,5.0,3.5,MAR,2183.55541992188,29953018.0,68.272
2004,MAS,0.0,0.0,0.0,0.0,1,0,0.0,1.0,MYS,4939.24851854427,25256772.0,74.027
2004,MAW,0.0,0.0,0.0,0.0,1,0,0.0,0.0,MWI,404.674248445428,12500737.0,51.073
2004,MDA,0.0,0.0,0.0,0.0,1,0,2.0,2.0,MDA,897.178494749468,2896023.0,68.017
2004,MDV,0.0,0.0,0.0,0.0,1,0,0.0,0.0,MDV,4070.2609459446,301413.0,73.008
2004,MEX,1.0,0.0,3.0,4.0,1,1,6.0,3.5,MEX,7849.66759649565,104394131.0,73.432
2004,MGL,1.0,0.0,0.0,1.0,1,1,0.0,0.5,MNG,794.154552001815,2508412.0,64.630243902439
2004,MKD,0.0,0.0,0.0,0.0,1,0,1.0,0.5,MKD,2818.5814561242,2016186.0,73.5975609756098
2004,MLI,0.0,0.0,0.0,0.0,1,0,0.0,0.0,MLI,495.006294675661,13102409.0,53.253
2004,MLT,0.0,0.0,0.0,0.0,1,0,0.0,0.0,MLT,15212.1312964883,401268.0,79.2536585365854
2004,MON,0.0,0.0,0.0,0.0,1,0,0.0,0.0,MCO,125160.282928751,32307.0,84.151
2004,MOZ,0.0,0.0,0.0,0.0,1,0,1.0,1.0,MOZ,400.056973161545,19840313.0,51.855
2004,MRI,0.0,0.0,0.0,0.0,1,0,0.0,0.0,MUS,5460.60800184198,1221003.0,72.2658536585366
2004,MTN,0.0,0.0,0.0,0.0,1,0,0.0,0.0,MRT,823.554457141893,2868664.0,63.369
2004,MYA,0.0,0.0,0.0,0.0,1,0,0.0,0.0,MMR,224.508811413327,47068772.0,61.443
2004,NAM,0.0,0.0,0.0,0.0,1,0,0.0,1.0,NAM,3403.15496192955,1942082.0,52.175
2004,NCA,0.0,0.0,0.0,0.0,1,0,0.0,0.0,NIC,1098.62118662335,5272912.0,69.51
2004,NED,9.0,4.0,9.0,22.0,1,1,25.0,22.0,NLD,40611.3414353091,16281779.0,79.0951219512195
2004,NEP,0.0,0.0,0.0,0.0,1,0,0.0,0.0,NPL,279.587750044428,26016656.0,64.744
2004,NGR,2.0,0.0,0.0,2.0,1,1,3.0,4.5,NGA,962.48104194733,141057045.0,49.148
2004,NIG,0.0,0.0,0.0,0.0,1,0,0.0,0.0,NER,283.468281798296,13265836.0,52.402
2004,NOR,1.0,5.0,0.0,6.0,1,1,10.0,8.5,NOR,57854.5698169407,4591910.0,79.8414634146342
2004,NRU,0.0,0.0,0.0,0.0,1,0,0.0,0.0,NRU,3040.51349889,10060.0,59.346
2004,NZL,0.0,3.0,2.0,5.0,1,1,4.0,5.0,NZL,25420.234882944,4087500.0,79.5487804878049
2004,OMA,0.0,0.0,0.0,0.0,1,0,0.0,0.0,OMN,11800.8507411171,2404821.0,74.82
2004,PAK,0.0,0.0,0.0,0.0,1,0,0.0,0.0,PAK,771.902247348954,171286000.0,63.097
2004,PAN,0.0,0.0,0.0,0.0,1,0,0.0,0.0,PAN,4644.56582353041,3251155.0,74.845
2004,PAR,0.0,0.0,1.0,1.0,1,1,0.0,0.0,PRY,1786.21533938543,5388175.0,71.054
2004,PER,0.0,0.0,0.0,0.0,1,0,0.0,0.0,PER,2397.25147277714,27852190.0,71.447
2004,PHI,0.0,0.0,0.0,0.0,1,0,0.0,0.5,PHL,1099.63013023758,86394504.0,68.301
2004,PLE,0.0,0.0,0.0,0.0,1,0,0.0,0.0,PSE,1422.19088643544,3236626.0,71.094
2004,PLW,0.0,0.0,0.0,0.0,1,0,0.0,0.0,PLW,8393.73029137235,19820.0,65.816
2004,PNG,0.0,0.0,0.0,0.0,1,0,0.0,0.0,PNG,620.596147680561,6328041.0,61.795
2004,POL,5.0,3.0,2.0,10.0,1,1,14.0,15.5,POL,6711.72715262967,38182222.0,74.8463414634146
2004,POR,1.0,0.0,2.0,3.0,1,1,2.0,2.0,PRT,18064.1580932987,10483861.0,77.6707317073171
2004,PRK,1.0,0.0,4.0,5.0,1,1,4.0,4.5,PRK,3232.570068130985,24254943.0,69.294
2004,PUR,0.0,0.0,0.0,0.0,1,0,0.0,0.5,PRI,20988.9923326534,3826878.0,76.913
2004,QAT,0.0,0.0,0.0,0.0,1,0,1.0,0.5,QAT,41035.5008380177,773332.0,76.484
2004,ROU,6.0,8.0,5.0,19.0,1,1,26.0,22.5,ROU,3494.99056448955,21451748.0,71.5609756097561
2004,RSA,2.0,1.0,3.0,6.0,1,1,5.0,5.0,ZAF,5221.46333731721,48991421.0,53.963
2004,RUS,36.0,28.0,26.0,90.0,1,1,89.0,76.0,RUS,4102.36474609375,144067316.0,65.4709756097561
2004,RWA,0.0,0.0,0.0,0.0,1,0,0.0,0.0,RWA,269.540446333402,8816844.0,55.52
2004,SAM,0.0,0.0,0.0,0.0,1,0,0.0,0.0,WSM,2189.26042607992,186249.0,71.508
2004,SCG,0.0,0.0,2.0,2.0,1,1,3.0,3.5,SRB,3597.08798057009,7463157.0,72.6829268292683
2004,SEN,0.0,0.0,0.0,0.0,1,0,0.0,0.0,SEN,918.102079522155,10975704.0,60.308
2004,SEY,0.0,0.0,0.0,0.0,1,0,0.0,0.0,SYC,10827.671636033,82475.0,72.6609756097561
2004,SGP,0.0,0.0,0.0,0.0,1,0,0.0,0.0,,3232.570068130985,6577959.0,70.65100000000001
2004,SKN,0.0,0.0,0.0,0.0,1,0,0.0,0.0,KNA,10944.6183741768,46315.0,70.92
2004,SLE,0.0,0.0,0.0,0.0,1,0,0.0,0.0,SLE,417.749983329227,5355717.0,47.485
2004,SLO,3.0,0.0,1.0,4.0,1,1,2.0,2.0,SVN,17103.8297783905,1997012.0,77.2073170731707
2004,SMR,0.0,0.0,0.0,0.0,1,0,0.0,0.0,SMR,58232.0431338765,29457.0,81.592
2004,SOL,0.0,0.0,0.0,0.0,1,0,0.0,0.0,SLB,986.070953503889,474611.0,67.628
2004,SOM,0.0,0.0,0.0,0.0,1,0,0.0,0.0,SOM,375.410326225387,10280998.0,50.685
2004,SRI,0.0,0.0,0.0,0.0,1,0,1.0,0.5,LKA,1028.62068132555,20087605.0,68.022
2004,STP,0.0,0.0,0.0,0.0,1,0,0.0,0.0,STP,726.560882130444,157705.0,62.56
2004,SUD,0.0,0.0,0.0,0.0,1,0,0.0,0.0,SDN,705.113342285156,30556637.0,56.773
2004,SUI,3.0,1.0,1.0,5.0,1,1,9.0,8.0,CHE,55349.6164595028,7389625.0,81.0878048780488
2004,SUR,0.0,0.0,0.0,0.0,1,0,0.0,0.0,SUR,2887.7721728844,513923.0,66.362
2004,SVK,2.0,2.0,2.0,6.0,1,1,5.0,4.0,SVK,7996.74076556872,5372280.0,73.9585365853659
2004,SWE,1.0,4.0,2.0,7.0,1,1,12.0,10.0,SWE,42758.0048564929,8993531.0,80.4975609756098
2004,SWZ,0.0,0.0,0.0,0.0,1,0,0.0,0.0,SWZ,2525.5640452625,1073159.0,43.906
2004,SYR,1.0,0.0,0.0,1.0,1,1,0.0,0.5,SYR,1368.11263904001,18336875.0,72.494
2004,TAN,0.0,0.0,0.0,0.0,1,0,0.0,0.0,TZA,450.385284423828,38109668.0,56.836
2004,TGA,0.0,0.0,0.0,0.0,1,0,0.0,0.5,TON,2195.44890047673,105071.0,70.433
2004,THA,4.0,3.0,1.0,8.0,1,1,3.0,2.5,THA,2641.56268717857,65452047.0,72.1
2004,TJK,0.0,0.0,0.0,0.0,1,0,0.0,0.0,TJK,305.745158587502,6790547.0,66.604
2004,TKM,0.0,0.0,0.0,0.0,1,0,0.0,0.0,TKM,1379.23009682692,4958093.0,66.055
2004,TLS,0.0,0.0,0.0,0.0,1,0,0.0,0.0,TLS,474.420767344689,929074.0,60.743
2004,TOG,0.0,0.0,0.0,0.0,1,0,0.0,0.0,TGO,604.311329116751,5281320.0,55.608
2004,TPE,1.0,2.0,2.0,5.0,1,1,5.0,3.0,,3232.570068130985,6577959.0,70.65100000000001
2004,TTO,1.0,0.0,0.0,1.0,1,1,2.0,2.0,TTO,9871.03419820086,1345380.0,69.879
2004,TUN,0.0,0.0,0.0,0.0,1,0,0.0,0.5,TUN,3067.41936376975,10166163.0,73.519
2004,TUR,5.0,3.0,3.0,11.0,1,1,5.0,5.5,TUR,5979.6054216148,68592617.0,73.223
2004,UAE,0.0,1.0,0.0,1.0,1,1,0.0,0.0,ARE,33376.6880534412,4428967.0,80.272
2004,UGA,0.0,0.0,0.0,0.0,1,0,0.0,0.5,UGA,292.38185796262,27154515.0,53.699
2004,UKR,9.0,8.0,5.0,22.0,1,1,23.0,23.0,UKR,1401.01806640625,47979507.0,67.472
2004,URU,0.0,0.0,0.0,0.0,1,0,1.0,0.5,URY,4168.66065438387,3283148.0,75.319
2004,USA,26.0,36.0,39.0,101.0,1,1,91.0,96.0,USA,41724.6411982614,292805298.0,77.4878048780488
2004,UZB,2.0,2.0,1.0,5.0,1,1,4.0,3.0,UZB,462.171492867885,26029350.0,67.203
2004,VAN,0.0,0.0,0.0,0.0,1,0,0.0,0.0,VUT,1774.31867585894,205711.0,68.985
2004,VEN,2.0,0.0,0.0,2.0,1,1,0.0,0.0,VEN,4269.08970872392,26340838.0,72.752
2004,VIE,0.0,0.0,0.0,0.0,1,0,1.0,0.5,VNM,565.452284586212,80338971.0,73.062
2004,VIN,0.0,0.0,0.0,0.0,1,0,0.0,0.0,VCT,4873.48947742443,112835.0,70.445
2004,YEM,0.0,0.0,0.0,0.0,1,0,0.0,0.0,YEM,627.632023395762,22095167.0,64.881
2004,ZAM,0.0,0.0,0.0,0.0,1,0,0.0,0.5,ZMB,548.685974566277,11338198.0,50.54
2004,ZIM,1.0,1.0,1.0,3.0,1,1,0.0,0.0,ZWE,469.719298949304,12365896.0,46.043
2008,AFG,1.0,0.0,0.0,1.0,1,1,0.0,0.0,AFG,381.73323802844,26482622.0,59.708
2008,AHO,0.0,0.0,0.0,0.0,1,0,0.0,0.0,CUW,19423.3352430175,145880.0,74.314
2008,ALB,0.0,0.0,0.0,0.0,1,0,0.0,0.0,ALB,4498.50486763601,2947314.0,78.248
2008,ALG,1.0,0.0,1.0,2.0,1,1,0.0,2.5,DZA,5180.91881514686,34816961.0,73.618
2008,AND,0.0,0.0,0.0,0.0,1,0,0.0,0.0,AND,49132.5157047203,83495.0,83.855
2008,ANG,0.0,0.0,0.0,0.0,1,0,0.0,0.0,AGO,4578.15526451058,21578655.0,55.281
2008,ANT,0.0,0.0,0.0,0.0,1,0,0.0,0.0,ATG,18786.6743142216,82912.0,76.075
2008,ARG,4.0,2.0,0.0,6.0,1,1,6.0,5.0,ARG,8944.1102657357,40424148.0,75.428
2008,ARM,6.0,0.0,0.0,6.0,1,1,0.0,0.5,ARM,3777.66859313767,3087100.0,73.0731707317073
2008,ARU,0.0,0.0,0.0,0.0,1,0,0.0,0.0,ABW,28171.9094008501,100917.0,73.783
2008,ASA,0.0,0.0,0.0,0.0,1,0,0.0,0.0,ASM,10030.8089130902,55828.0,72.43
2008,AUS,17.0,14.0,15.0,46.0,1,1,50.0,54.0,AUS,49811.2067218988,21249199.0,81.3951219512195
2008,AUT,2.0,0.0,1.0,3.0,1,1,7.0,5.0,AUT,51581.3982361071,8321496.0,80.4317073170732
2008,AZE,4.0,1.0,2.0,7.0,1,1,5.0,4.0,AZE,5574.46810432575,8763400.0,69.355
2008,BAH,1.0,0.0,1.0,2.0,1,1,2.0,2.5,BHS,29392.3824416397,358120.0,73.445
2008,BAN,0.0,0.0,0.0,0.0,1,0,0.0,0.0,BGD,613.06204104124,149474264.0,67.047
2008,BAR,0.0,0.0,0.0,0.0,1,0,0.0,0.5,BRB,17565.6929970592,272714.0,75.3
2008,BDI,0.0,0.0,0.0,0.0,1,0,0.0,0.0,BDI,189.502074570768,8505637.0,55.581
2008,BEL,0.0,1.0,1.0,2.0,1,1,3.0,4.0,BEL,48303.397956286,10709973.0,79.6804878048781
2008,BEN,0.0,0.0,0.0,0.0,1,0,0.0,0.0,BEN,1060.60254502099,9228466.0,58.099
2008,BER,0.0,0.0,0.0,0.0,1,0,0.0,0.0,BMU,110268.562401264,63300.0,79.101
2008,BHU,0.0,0.0,0.0,0.0,1,0,0.0,0.0,BTN,1919.59774896395,686351.0,67.733
2008,BIH,0.0,0.0,0.0,0.0,1,0,0.0,0.0,BIH,4841.69311934649,3947544.0,76.3
2008,BIZ,0.0,0.0,0.0,0.0,1,0,0.0,0.0,BLZ,5711.81458859709,304361.0,70.665
2008,BLR,9.0,4.0,5.0,18.0,1,1,13.0,15.0,BLR,6376.17569162063,9527985.0,70.4560975609756
2008,BOL,0.0,0.0,0.0,0.0,1,0,0.0,0.0,BOL,1692.67248455876,9850858.0,65.299
2008,BOT,0.0,0.0,0.0,0.0,1,0,0.0,0.0,BWA,5503.07395314313,1949970.0,57.661
2008,BRA,9.0,3.0,4.0,16.0,1,1,10.0,11.0,BRA,8908.33176538648,190367302.0,73.111
2008,BRN,0.0,0.0,0.0,0.0,1,0,0.0,0.0,BHR,23299.4992780392,1103496.0,77.457
2008,BUL,3.0,1.0,1.0,5.0,1,1,12.0,12.5,BGR,7271.67443724077,7492561.0,72.9634146341463
2008,BUR,0.0,0.0,0.0,0.0,1,0,0.0,0.0,BFA,619.437533256264,15258093.0,55.199
2008,CAF,0.0,0.0,0.0,0.0,1,0,0.0,0.0,CAF,437.24827472489,4558984.0,49.873
2008,CAM,0.0,0.0,0.0,0.0,1,0,0.0,0.0,KHM,866.283999789749,14053479.0,66.147
2008,CAN,7.0,3.0,9.0,19.0,1,1,12.0,13.0,CAN,46710.3654423328,33247298.0,80.7246341463415
2008,CAY,0.0,0.0,0.0,0.0,1,0,0.0,0.0,CYM,89655.1196222184,51151.0,75.386
2008,CGO,0.0,0.0,0.0,0.0,1,0,0.0,0.0,COG,2832.09177777643,4113517.0,60.79
2008,CHA,0.0,0.0,0.0,0.0,1,0,0.0,0.0,TCD,1166.36883453841,11476296.0,49.503
2008,CHI,0.0,0.0,1.0,1.0,1,1,3.0,2.0,CHL,10683.2188772511,16838988.0,78.752
2008,CHN,28.0,51.0,21.0,100.0,1,1,63.0,60.5,CHN,3523.44302065213,1324655000.0,74.833
2008,CIV,0.0,0.0,0.0,0.0,1,0,0.0,0.0,CIV,1583.97066701372,21514439.0,54.179
2008,CMR,0.0,1.0,0.0,1.0,1,1,1.0,1.0,CMR,1492.14269801453,18574056.0,56.116
2008,COD,0.0,0.0,0.0,0.0,1,0,0.0,0.0,COD,352.900363371995,64390664.0,55.388
2008,COK,0.0,0.0,0.0,0.0,1,0,0.0,0.0,COK,3232.570068130985,6577959.0,70.65100000000001
2008,COL,1.0,0.0,1.0,2.0,1,1,2.0,1.5,COL,5541.83629665898,43758808.0,74.206
2008,COM,0.0,0.0,0.0,0.0,1,0,0.0,0.0,COM,1455.02768595586,629307.0,61.955
2008,CPV,0.0,0.0,0.0,0.0,1,0,0.0,0.0,CPV,3908.64885822576,501355.0,71.888
2008,CRC,0.0,0.0,0.0,0.0,1,0,0.0,1.0,CRI,6937.24261660254,4440056.0,79.18
2008,CRO,3.0,0.0,2.0,5.0,1,1,5.0,3.5,HRV,15888.1184388903,4309705.0,75.9121951219512
2008,CUB,11.0,2.0,11.0,24.0,1,1,27.0,28.0,CUB,4986.12436479175,11291762.0,77.589
2008,CYP,0.0,0.0,0.0,0.0,1,0,0.0,0.0,CYP,35541.88671875,1091026.0,79.906
2008,CZE,0.0,3.0,3.0,6.0,1,1,9.0,8.5,CZE,22774.7045076205,10384603.0,76.9756097560976
2008,DEN,3.0,2.0,2.0,7.0,1,1,8.0,7.0,DNK,64616.6657583663,5493621.0,78.4463414634146
2008,DJI,0.0,0.0,0.0,0.0,1,0,0.0,0.0,DJI,1119.15233346969,892734.0,59.815
2008,DMA,0.0,0.0,0.0,0.0,1,0,0.0,0.0,DMA,6971.32633839289,68854.0,71.945
2008,DOM,0.0,1.0,1.0,2.0,1,1,1.0,0.5,DOM,5023.58513403515,9573130.0,71.331
2008,ECU,0.0,0.0,1.0,1.0,1,1,0.0,0.0,ECU,4194.75750661981,14575202.0,74.709
2008,EGY,1.0,0.0,0.0,1.0,1,1,5.0,2.5,EGY,1896.21594269779,85864789.0,68.761
2008,ERI,0.0,0.0,0.0,0.0,1,0,1.0,0.5,ERI,490.066956003333,2816327.0,62.422
2008,ESA,0.0,0.0,0.0,0.0,1,0,0.0,0.0,SLV,2983.24829577976,6029297.0,70.138
2008,ESP,3.0,5.0,10.0,18.0,1,1,20.0,15.5,ESP,35603.248328071,45954106.0,81.1756097560976
2008,EST,0.0,1.0,1.0,2.0,1,1,3.0,3.0,EST,18205.9064113446,1337090.0,73.7707317073171
2008,ETH,2.0,4.0,1.0,7.0,1,1,7.0,7.5,ETH,316.410475118075,85543668.0,57.733
2008,FIJ,0.0,0.0,0.0,0.0,1,0,0.0,0.0,FJI,3899.92231512129,903399.0,66.32
2008,FIN,2.0,1.0,1.0,4.0,1,1,2.0,3.0,FIN,53769.4726240385,5313399.0,79.5682926829268
2008,FRA,18.0,7.0,16.0,41.0,1,1,33.0,35.5,FRA,45464.8181385158,64375116.0,81.2146341463415
2008,FSM,0.0,0.0,0.0,0.0,1,0,0.0,0.0,FSM,2395.90218109716,108936.0,64.849
2008,GAB,0.0,0.0,0.0,0.0,1,0,0.0,0.0,GAB,9688.64519690633,1607175.0,64.011
2008,GAM,0.0,0.0,0.0,0.0,1,0,0.0,0.0,GMB,859.127671411226,1817852.0,60.473
2008,GBR,16.0,19.0,13.0,48.0,1,1,30.0,29.0,GBR,47652.4030691881,61806995.0,79.6
2008,GBS,0.0,0.0,0.0,0.0,1,0,0.0,0.0,GNB,640.210331101753,1488054.0,55.3
2008,GEO,3.0,3.0,0.0,6.0,1,1,4.0,5.0,GEO,3324.7537205015,3848449.0,70.949
2008,GEQ,0.0,0.0,0.0,0.0,1,0,0.0,0.0,GNQ,18210.5552970599,1084530.0,57.384
2008,GER,15.0,16.0,10.0,41.0,1,1,49.0,52.5,DEU,46379.1647953479,82110097.0,79.7365853658537
2008,GHA,0.0,0.0,0.0,0.0,1,0,0.0,0.0,GHA,1182.65761256016,24249946.0,60.578
2008,GRE,2.0,0.0,2.0,4.0,1,1,16.0,14.5,GRC,31695.8331092209,11077841.0,79.9390243902439
2008,GRN,0.0,0.0,0.0,0.0,1,0,0.0,0.0,GRD,7448.2040563865,110896.0,74.374
2008,GUA,0.0,0.0,0.0,0.0,1,0,0.0,0.0,GTM,2763.05988172926,13935174.0,69.493
2008,GUI,0.0,0.0,0.0,0.0,1,0,0.0,0.0,GIN,703.532825784369,9898870.0,55.703
2008,GUM,0.0,0.0,0.0,0.0,1,0,0.0,0.0,GUM,28112.2316573422,165693.0,76.233
2008,GUY,0.0,0.0,0.0,0.0,1,0,0.0,0.0,GUY,4008.9628671603,754606.0,65.721
2008,HAI,0.0,0.0,0.0,0.0,1,0,0.0,0.0,HTI,1094.66058421644,9530774.0,61.28
2008,HKG,0.0,0.0,0.0,0.0,1,0,1.0,0.5,CHN,3523.44302065213,1324655000.0,74.833
2008,HON,0.0,0.0,0.0,0.0,1,0,0.0,0.0,HND,1732.49062702803,8012587.0,69.657
2008,HUN,2.0,3.0,5.0,10.0,1,1,17.0,17.0,HUN,15762.6322515113,10038188.0,73.7024390243903
2008,INA,3.0,1.0,1.0,5.0,1,1,4.0,5.0,IDN,2124.55483920618,240157903.0,68.085
2008,IND,2.0,1.0,0.0,3.0,1,1,1.0,1.0,IND,992.519584923828,1207930964.0,66.247
2008,IRI,1.0,1.0,0.0,2.0,1,1,6.0,5.0,IRN,5377.4115072957,75514204.0,73.683
2008,IRL,2.0,0.0,1.0,3.0,1,1,0.0,0.5,IRL,61353.1065629523,4489544.0,80.0951219512195
2008,IRQ,0.0,0.0,0.0,0.0,1,0,0.0,0.0,IRQ,4542.96609046032,28971036.0,66.465
2008,ISL,0.0,0.0,1.0,1.0,1,1,0.0,0.5,ISL,57489.3399795216,317414.0,81.609756097561
2008,ISR,1.0,0.0,0.0,1.0,1,1,2.0,1.5,ISR,30231.0191013609,7308800.0,80.9512195121951
2008,ISV,0.0,0.0,0.0,0.0,1,0,0.0,0.0,VIR,39152.3750657306,108397.0,77.1634146341463
2008,ITA,10.0,8.0,9.0,27.0,1,1,32.0,33.0,ITA,40828.5795580937,59211181.0,81.4853658536585
2008,IVB,0.0,0.0,0.0,0.0,1,0,0.0,0.0,VGB,3232.570068130985,26288.0,76.07
2008,JAM,2.0,5.0,2.0,9.0,1,1,5.0,7.0,JAM,5029.80095281745,2725635.0,71.502
2008,JOR,0.0,0.0,0.0,0.0,1,0,0.0,0.0,JOR,3669.83012701745,6989866.0,73.563
2008,JPN,9.0,9.0,7.0,25.0,1,1,37.0,27.5,JPN,40294.2081309702,128063000.0,82.5875609756098
2008,KAZ,7.0,2.0,4.0,13.0,1,1,8.0,7.5,KAZ,8123.54705891736,16426525.0,66.759
2008,KEN,5.0,6.0,4.0,15.0,1,1,7.0,7.0,KEN,915.54435473604,39206351.0,59.955
2008,KGZ,1.0,0.0,1.0,2.0,1,1,0.0,0.5,KGZ,966.388569370494,5318729.0,68.4512195121951
2008,KIR,0.0,0.0,0.0,0.0,1,0,0.0,0.0,KIR,1410.62246914058,104222.0,65.746
2008,KOR,8.0,13.0,10.0,31.0,1,1,30.0,29.0,KOR,22252.3125108061,49054708.0,79.5170731707317
2008,KSA,0.0,0.0,0.0,0.0,1,0,0.0,1.0,SAU,22320.4888964331,23287877.0,75.301
2008,KUW,0.0,0.0,0.0,0.0,1,0,0.0,0.5,KWT,55585.1889344442,2651421.0,77.1890487804878
2008,LAO,0.0,0.0,0.0,0.0,1,0,0.0,0.0,LAO,885.747376088762,6148969.0,62.248
2008,LAT,1.0,1.0,1.0,3.0,1,1,4.0,3.5,LVA,15677.6080864506,2177322.0,72.419512195122
2008,LBA,0.0,0.0,0.0,0.0,1,0,0.0,0.0,LBY,13906.1407818125,6235430.0,71.936
2008,LBR,0.0,0.0,0.0,0.0,1,0,0.0,0.0,LBR,451.713856283285,3821003.0,58.675
2008,LCA,0.0,0.0,0.0,0.0,1,0,0.0,0.0,LCA,8516.96075488787,168808.0,72.963
2008,LES,0.0,0.0,0.0,0.0,1,0,0.0,0.0,LSO,898.482517882593,1966541.0,44.304
2008,LIB,0.0,0.0,0.0,0.0,1,0,0.0,0.0,LBN,5912.04532820842,4925354.0,76.956
2008,LIE,0.0,0.0,0.0,0.0,1,0,0.0,0.0,LIE,143249.227302093,35473.0,82.6829268292683
2008,LTU,3.0,0.0,2.0,5.0,1,1,3.0,4.0,LTU,14955.5345462921,3198231.0,71.8121951219512
2008,LUX,0.0,0.0,0.0,0.0,1,0,0.0,0.0,LUX,120422.137934157,488650.0,80.5390243902439
2008,MAD,0.0,0.0,0.0,0.0,1,0,0.0,0.0,MDG,512.579800058444,20923840.0,61.992
2008,MAR,1.0,0.0,1.0,2.0,1,1,3.0,4.0,MAR,3183.20043945313,31606767.0,70.051
2008,MAS,0.0,0.0,1.0,1.0,1,1,0.0,0.0,MYS,8371.82156086005,27570059.0,75.151
2008,MAW,0.0,0.0,0.0,0.0,1,0,0.0,0.0,MWI,554.048820396119,13976417.0,55.715
2008,MDA,1.0,0.0,0.0,1.0,1,1,0.0,1.0,MDA,2110.55305353857,2868833.0,69.0
2008,MDV,0.0,0.0,0.0,0.0,1,0,0.0,0.0,MDV,6757.43280929292,336170.0,75.999
2008,MEX,1.0,2.0,0.0,3.0,1,1,4.0,5.0,MEX,10523.7685427665,110374288.0,73.695
2008,MGL,0.0,2.0,2.0,4.0,1,1,1.0,0.5,MNG,2127.42678594737,2643201.0,67.2460975609756
2008,MHL,0.0,0.0,0.0,0.0,1,0,0.0,0.0,MHL,2817.60522775322,52030.0,64.3
2008,MKD,0.0,0.0,0.0,0.0,1,0,0.0,0.5,MKD,5026.4202989873,1971493.0,74.4
2008,MLI,0.0,0.0,0.0,0.0,1,0,0.0,0.0,MLI,767.194838946144,14940782.0,55.187
2008,MLT,0.0,0.0,0.0,0.0,1,0,0.0,0.0,MLT,22405.6426266551,409379.0,79.6365853658537
2008,MNE,0.0,0.0,0.0,0.0,1,0,0.0,0.0,MNE,7390.01481290503,616969.0,75.1365853658537
2008,MON,0.0,0.0,0.0,0.0,1,0,0.0,0.0,MCO,204263.893236529,31836.0,83.827
2008,MOZ,0.0,0.0,0.0,0.0,1,0,0.0,0.5,MOZ,592.159111184122,21819036.0,53.799
2008,MRI,1.0,0.0,0.0,1.0,1,1,0.0,0.0,MUS,8140.47983639243,1244121.0,72.5707317073171
2008,MTN,0.0,0.0,0.0,0.0,1,0,0.0,0.0,MRT,1635.5630623124,3183269.0,65.233
2008,MYA,0.0,0.0,0.0,0.0,1,0,0.0,0.0,MMR,658.442487229705,48390793.0,56.364
2008,NAM,0.0,0.0,0.0,0.0,1,0,0.0,0.0,NAM,4204.78555422749,2047056.0,54.74
2008,NCA,0.0,0.0,0.0,0.0,1,0,0.0,0.0,NIC,1523.68437086409,5576593.0,71.404
2008,NED,4.0,7.0,5.0,16.0,1,1,22.0,23.5,NLD,58246.7026905874,16445593.0,80.2512195121951
2008,NEP,0.0,0.0,0.0,0.0,1,0,0.0,0.0,NPL,464.817391891529,26990037.0,66.442
2008,NGR,3.0,0.0,1.0,4.0,1,1,2.0,2.5,NGA,2154.10543545364,157595014.0,50.748
2008,NIG,0.0,0.0,0.0,0.0,1,0,0.0,0.0,NER,475.044955398162,15361915.0,55.852
2008,NOR,1.0,3.0,5.0,9.0,1,1,6.0,8.0,NOR,99001.5300678626,4768212.0,80.5926829268293
2008,NRU,0.0,0.0,0.0,0.0,1,0,0.0,0.0,NRU,3756.84531228766,10009.0,59.675
2008,NZL,4.0,3.0,2.0,9.0,1,1,5.0,4.5,NZL,31324.7397977102,4259800.0,80.3512195121951
2008,OMA,0.0,0.0,0.0,0.0,1,0,0.0,0.0,OMN,26576.779241509,2626529.0,76.124
2008,PAK,0.0,0.0,0.0,0.0,1,0,0.0,0.0,PAK,1067.04324565284,189499113.0,64.002
2008,PAN,0.0,1.0,0.0,1.0,1,1,0.0,0.0,PAN,7347.59050324397,3500648.0,75.937
2008,PAR,0.0,0.0,0.0,0.0,1,0,1.0,0.5,PRY,4384.9546943793,5613574.0,72.047
2008,PER,0.0,0.0,0.0,0.0,1,0,0.0,0.0,PER,4197.58444634142,28719041.0,72.743
2008,PHI,0.0,0.0,0.0,0.0,1,0,0.0,0.0,PHL,1959.29233534978,92699095.0,68.643
2008,PLE,0.0,0.0,0.0,0.0,1,0,0.0,0.0,PSE,2035.20234121766,3591977.0,72.204
2008,PLW,0.0,0.0,0.0,0.0,1,0,0.0,0.0,PLW,10471.1510008417,19009.0,67.562
2008,PNG,0.0,0.0,0.0,0.0,1,0,0.0,0.0,PNG,1624.79319935188,7183002.0,62.511
2008,POL,1.0,3.0,6.0,10.0,1,1,10.0,12.0,POL,14048.5604672654,38125759.0,75.5439024390244
2008,POR,0.0,1.0,1.0,2.0,1,1,3.0,2.5,PRT,24949.0413566739,10558177.0,78.5243902439025
2008,PRK,3.0,2.0,1.0,6.0,1,1,5.0,4.5,PRK,3232.570068130985,24764618.0,69.303
2008,PUR,0.0,0.0,0.0,0.0,1,0,0.0,0.0,PRI,24898.3345857045,3760866.0,78.111
2008,QAT,0.0,0.0,0.0,0.0,1,0,0.0,0.5,QAT,80781.2113909506,1426938.0,78.262
2008,ROU,3.0,4.0,1.0,8.0,1,1,19.0,22.5,ROU,10435.1561230787,20537875.0,72.5658536585366
2008,RSA,0.0,0.0,1.0,1.0,1,1,6.0,5.5,ZAF,6184.75474328399,51114599.0,55.982
2008,RUS,28.0,23.0,21.0,72.0,1,1,90.0,89.5,RUS,11635.2841796875,142742366.0,67.9492682926829
2008,RWA,0.0,0.0,0.0,0.0,1,0,0.0,0.0,RWA,522.288339420679,9804269.0,60.641
2008,SAM,0.0,0.0,0.0,0.0,1,0,0.0,0.0,WSM,3373.60639884263,190107.0,71.531
2008,SEN,0.0,0.0,0.0,0.0,1,0,0.0,0.0,SEN,1398.79218010021,12048959.0,63.201
2008,SEY,0.0,0.0,0.0,0.0,1,0,0.0,0.0,SYC,11265.4376270005,86956.0,73.1634146341463
2008,SGP,0.0,0.0,1.0,1.0,1,1,0.0,0.0,,3232.570068130985,6577959.0,70.65100000000001
2008,SKN,0.0,0.0,0.0,0.0,1,0,0.0,0.0,KNA,16604.9448615905,46835.0,71.479
2008,SLE,0.0,0.0,0.0,0.0,1,0,0.0,0.0,SLE,705.359014080005,5894722.0,50.693
2008,SLO,2.0,1.0,2.0,5.0,1,1,4.0,3.0,SVN,27461.9764165315,2021316.0,78.7658536585366
2008,SMR,0.0,0.0,0.0,0.0,1,0,0.0,0.0,SMR,75902.1677701187,31662.0,82.894
2008,SOL,0.0,0.0,0.0,0.0,1,0,0.0,0.0,SLB,1525.84666261203,508790.0,68.336
2008,SOM,0.0,0.0,0.0,0.0,1,0,0.0,0.0,SOM,507.03744334738,11663084.0,51.456
2008,SRB,2.0,0.0,1.0,3.0,1,1,0.0,0.0,SRB,7376.73517910716,7350222.0,73.8853658536585
2008,SRI,0.0,0.0,0.0,0.0,1,0,0.0,0.5,LKA,1973.58476901287,20629378.0,72.556
2008,STP,0.0,0.0,0.0,0.0,1,0,0.0,0.0,STP,1081.8684584729,173793.0,63.448
2008,SUD,0.0,0.0,1.0,1.0,1,1,0.0,0.0,SDN,1527.58239746094,33623980.0,61.261
2008,SUI,4.0,2.0,1.0,7.0,1,1,5.0,7.0,CHE,75147.5376709155,7647675.0,81.9926829268293
2008,SUR,0.0,0.0,0.0,0.0,1,0,0.0,0.0,SUR,6576.08546307249,537245.0,68.873
2008,SVK,1.0,3.0,2.0,6.0,1,1,6.0,5.5,SVK,17973.8436435514,5379233.0,74.7048780487805
2008,SWE,1.0,0.0,4.0,5.0,1,1,7.0,9.5,SWE,55817.1759726485,9219637.0,81.1
2008,SWZ,0.0,0.0,0.0,0.0,1,0,0.0,0.0,SWZ,2946.8606613746,1098091.0,45.853
2008,SYR,0.0,0.0,0.0,0.0,1,0,1.0,0.5,SYR,2429.1247629459,21636564.0,73.368
2008,TAN,0.0,0.0,0.0,0.0,1,0,0.0,0.0,TZA,675.977233886719,42570728.0,59.896
2008,TGA,0.0,0.0,0.0,0.0,1,0,0.0,0.0,TON,3218.45303993196,107020.0,71.041
2008,THA,0.0,2.0,2.0,4.0,1,1,8.0,5.5,THA,4309.13509292986,67619830.0,74.221
2008,TJK,1.0,0.0,1.0,2.0,1,1,0.0,0.0,TJK,703.327375898643,7338403.0,67.924
2008,TKM,0.0,0.0,0.0,0.0,1,0,0.0,0.0,TKM,3605.50395120549,5345029.0,67.584
2008,TLS,0.0,0.0,0.0,0.0,1,0,0.0,0.0,TLS,628.153219252849,1032429.0,62.858
2008,TOG,1.0,0.0,0.0,1.0,1,1,0.0,0.0,TGO,771.351190404751,5936138.0,56.663
2008,TPE,4.0,0.0,0.0,4.0,1,1,5.0,5.0,,3232.570068130985,6577959.0,70.65100000000001
2008,TTO,0.0,1.0,1.0,2.0,1,1,1.0,1.5,TTO,21298.9945258063,1308587.0,71.117
2008,TUN,0.0,1.0,0.0,1.0,1,1,0.0,0.0,TUN,4255.05008019523,10542635.0,74.192
2008,TUR,3.0,1.0,3.0,7.0,1,1,11.0,8.0,TUR,10913.4079047769,71051678.0,74.38
2008,TUV,0.0,0.0,0.0,0.0,1,0,0.0,0.0,,3232.570068130985,6577959.0,70.65100000000001
2008,UAE,0.0,0.0,0.0,0.0,1,0,1.0,0.5,ARE,50054.1700685968,6302664.0,81.591
2008,UGA,0.0,0.0,0.0,0.0,1,0,0.0,0.0,UGA,472.842681495852,30539553.0,58.253
2008,UKR,15.0,7.0,5.0,27.0,1,1,22.0,22.5,UKR,4017.806640625,46819175.0,68.262
2008,URU,0.0,0.0,0.0,0.0,1,0,0.0,0.5,URY,9423.96562595893,3302177.0,76.275
2008,USA,35.0,36.0,39.0,110.0,1,1,101.0,96.0,USA,48570.0594269601,304093966.0,78.0390243902439
2008,UZB,3.0,1.0,2.0,6.0,1,1,5.0,4.5,UZB,1074.72928796701,27494774.0,69.035
2008,VAN,0.0,0.0,0.0,0.0,1,0,0.0,0.0,VUT,2603.60883136724,226896.0,69.302
2008,VEN,1.0,0.0,0.0,1.0,1,1,2.0,1.0,VEN,11262.4514256759,28053696.0,72.578
2008,VIE,0.0,0.0,1.0,1.0,1,1,0.0,0.5,VNM,1163.83195772873,85175788.0,73.455
2008,VIN,0.0,0.0,0.0,0.0,1,0,0.0,0.0,VCT,6598.90531450859,111028.0,70.611
2008,YEM,0.0,0.0,0.0,0.0,1,0,0.0,0.0,YEM,1071.63583282105,25111941.0,66.609
2008,ZAM,0.0,0.0,0.0,0.0,1,0,0.0,0.0,ZMB,1375.50211006997,13021324.0,54.835
2008,ZIM,0.0,1.0,3.0,4.0,1,1,3.0,1.5,ZWE,340.917447588572,12959149.0,48.456
2012,AFG,1.0,0.0,0.0,1.0,1,1,1.0,0.5,AFG,651.417134470046,30560034.0,61.735
2012,ALB,0.0,0.0,0.0,0.0,1,0,0.0,0.0,ALB,4280.93316338873,2860708.0,78.084
2012,ALG,0.0,1.0,0.0,1.0,1,1,2.0,1.0,DZA,6033.64884689543,37646166.0,74.609
2012,AND,0.0,0.0,0.0,0.0,1,0,0.0,0.0,AND,41500.5435782722,76834.0,84.334
2012,ANG,0.0,0.0,0.0,0.0,1,0,0.0,0.0,AGO,5702.45306277434,25177394.0,58.916
2012,ANT,0.0,0.0,0.0,0.0,1,0,0.0,0.0,ATG,15639.8078114787,87260.0,77.1
2012,ARG,2.0,1.0,1.0,4.0,1,1,6.0,6.0,ARG,12949.717486654,42161721.0,75.802
2012,ARM,2.0,0.0,1.0,3.0,1,1,6.0,3.0,ARM,3511.56399687426,3024100.0,74.119512195122
2012,ARU,0.0,0.0,0.0,0.0,1,0,0.0,0.0,ABW,25119.6655449838,104110.0,74.841
2012,ASA,0.0,0.0,0.0,0.0,1,0,0.0,0.0,ASM,11745.4899153958,54489.0,72.709
2012,AUS,12.0,7.0,16.0,35.0,1,1,46.0,48.0,AUS,68301.4402512587,22733465.0,82.0463414634146
2012,AUT,0.0,0.0,0.0,0.0,1,0,3.0,5.0,AUT,48250.4059142637,8429991.0,80.9365853658537
2012,AZE,6.0,2.0,2.0,10.0,1,1,7.0,6.0,AZE,7495.86527658099,9295784.0,71.08
2012,BAH,0.0,1.0,0.0,1.0,1,1,2.0,2.0,BHS,28552.0242683151,375469.0,73.707
2012,BAN,0.0,0.0,0.0,0.0,1,0,0.0,0.0,BGD,859.680536375497,155070101.0,68.989
2012,BAR,0.0,0.0,0.0,0.0,1,0,0.0,0.0,BRB,19811.2953079751,276938.0,75.737
2012,BDI,0.0,0.0,0.0,0.0,1,0,0.0,0.0,BDI,231.098787811507,10071028.0,58.501
2012,BEL,2.0,0.0,1.0,3.0,1,1,2.0,2.5,BEL,44874.1709182123,11106932.0,80.3853658536585
2012,BEN,0.0,0.0,0.0,0.0,1,0,0.0,0.0,BEN,1071.5258366283,10397657.0,58.559
2012,BER,0.0,0.0,0.0,0.0,1,0,0.0,0.0,BMU,100213.493385287,63646.0,79.847
2012,BHU,0.0,0.0,0.0,0.0,1,0,0.0,0.0,BTN,2751.2128864294,717279.0,69.759
2012,BIH,0.0,0.0,0.0,0.0,1,0,0.0,0.0,BIH,4693.78899115381,3670113.0,77.037
2012,BIZ,0.0,0.0,0.0,0.0,1,0,0.0,0.0,BLZ,5732.66519942347,334414.0,71.134
2012,BLR,5.0,2.0,5.0,12.0,1,1,18.0,15.5,BLR,6953.21591683101,9446836.0,71.9658536585366
2012,BOL,0.0,0.0,0.0,0.0,1,0,0.0,0.0,BOL,2575.59857098084,10515807.0,66.586
2012,BOT,0.0,0.0,1.0,1.0,1,1,0.0,0.0,BWA,6595.53845015424,2108617.0,60.384
2012,BRA,9.0,3.0,5.0,17.0,1,1,16.0,13.0,BRA,12521.7213519966,196876111.0,74.335
2012,BRN,1.0,0.0,0.0,1.0,1,1,0.0,0.0,BHR,26438.6733230428,1208964.0,79.622
2012,BRU,0.0,0.0,0.0,0.0,1,0,0.0,0.0,BRN,46968.5971164922,405557.0,74.843
2012,BUL,1.0,0.0,1.0,2.0,1,1,5.0,8.5,BGR,7432.33753378983,7305888.0,74.3146341463415
2012,BUR,0.0,0.0,0.0,0.0,1,0,0.0,0.0,BFA,731.470138867833,17172287.0,57.457
2012,CAF,0.0,0.0,0.0,0.0,1,0,0.0,0.0,CAF,544.395849142785,4610848.0,51.336
2012,CAM,0.0,0.0,0.0,0.0,1,0,0.0,0.0,KHM,1192.80263041673,14945085.0,68.371
2012,CAN,12.0,1.0,5.0,18.0,1,1,19.0,15.5,CAN,52670.1429540952,34713395.0,81.6636585365854
2012,CAY,0.0,0.0,0.0,0.0,1,0,0.0,0.0,CYM,75101.59136128,57136.0,77.121
2012,CGO,0.0,0.0,0.0,0.0,1,0,0.0,0.0,COG,3732.32737320389,4740450.0,62.662
2012,CHA,0.0,0.0,0.0,0.0,1,0,0.0,0.0,TCD,1354.34344701937,13210998.0,50.765
2012,CHI,0.0,0.0,0.0,0.0,1,0,1.0,2.0,CHL,15241.9069981119,17519119.0,79.221
2012,CHN,23.0,38.0,27.0,88.0,1,1,100.0,81.5,CHN,6405.0574241349,1354190000.0,76.2
2012,CIV,0.0,0.0,0.0,0.0,1,0,0.0,0.0,CIV,1546.9460184731,23467078.0,56.57
2012,CMR,0.0,0.0,0.0,0.0,1,0,1.0,1.0,CMR,1449.09874362279,20809529.0,58.17
2012,COD,0.0,0.0,0.0,0.0,1,0,0.0,0.0,COD,409.931424783784,73254618.0,57.35
2012,COK,0.0,0.0,0.0,0.0,1,0,0.0,0.0,COK,3232.570068130985,6577959.0,70.65100000000001
2012,COL,4.0,1.0,3.0,8.0,1,1,2.0,2.0,COL,8108.59838244229,45715810.0,75.611
2012,COM,0.0,0.0,0.0,0.0,1,0,0.0,0.0,COM,1490.31425650871,681630.0,63.463
2012,CPV,0.0,0.0,0.0,0.0,1,0,0.0,0.0,CPV,3736.81517011087,511955.0,73.315
2012,CRC,0.0,0.0,0.0,0.0,1,0,0.0,0.0,CRI,10126.9991155066,4663934.0,79.925
2012,CRO,2.0,3.0,1.0,6.0,1,1,5.0,5.0,HRV,13507.6349882758,4260368.0,77.1682926829268
2012,CUB,6.0,5.0,3.0,14.0,1,1,24.0,25.5,CUB,6470.83673392653,11303175.0,78.162
2012,CYP,0.0,0.0,1.0,1.0,1,1,0.0,0.0,CYP,28991.9296875,1165397.0,81.128
2012,CZE,3.0,4.0,3.0,10.0,1,1,6.0,7.5,CZE,20014.0354015165,10510785.0,78.0756097560976
2012,DEN,3.0,2.0,4.0,9.0,1,1,7.0,7.5,DNK,58443.7747103968,5591572.0,80.0512195121951
2012,DJI,0.0,0.0,0.0,0.0,1,0,0.0,0.0,DJI,1400.19357858954,966747.0,61.719
2012,DMA,0.0,0.0,0.0,0.0,1,0,0.0,0.0,DMA,7528.51001990155,69118.0,71.391
2012,DOM,0.0,1.0,1.0,2.0,1,1,2.0,1.5,DOM,6013.81965002603,10070411.0,72.817
2012,ECU,0.0,0.0,0.0,0.0,1,0,1.0,0.5,ECU,5634.08393191094,15572194.0,75.486
2012,EGY,0.0,0.0,2.0,2.0,1,1,1.0,3.0,EGY,2996.0677072015,93161001.0,69.464
2012,ERI,0.0,0.0,0.0,0.0,1,0,0.0,0.5,ERI,3232.570068130985,3036988.0,64.697
2012,ESA,0.0,0.0,0.0,0.0,1,0,0.0,0.0,SLV,3497.91256915509,6113975.0,71.42
2012,ESP,4.0,3.0,10.0,17.0,1,1,18.0,19.0,ESP,28456.4438151477,46773055.0,82.4268292682927
2012,EST,1.0,0.0,1.0,2.0,1,1,2.0,2.5,EST,17568.2137969714,1322696.0,76.3268292682927
2012,ETH,3.0,3.0,1.0,7.0,1,1,7.0,7.0,ETH,452.101031885754,95798767.0,61.443
2012,FIJ,0.0,0.0,0.0,0.0,1,0,0.0,0.0,FJI,4341.40338748749,914918.0,65.812
2012,FIN,2.0,0.0,1.0,3.0,1,1,4.0,3.0,FIN,47551.6740841369,5413971.0,80.6268292682927
2012,FRA,13.0,11.0,11.0,35.0,1,1,41.0,37.0,FRA,40863.5814412333,65657659.0,81.9682926829268
2012,FSM,0.0,0.0,0.0,0.0,1,0,0.0,0.0,FSM,3003.05867086848,107890.0,65.08
2012,GAB,0.0,0.0,1.0,1.0,1,1,0.0,0.0,GAB,9296.96587941088,1846889.0,65.438
2012,GAM,0.0,0.0,0.0,0.0,1,0,0.0,0.0,GMB,692.579361628102,2043094.0,61.9
2012,GBR,19.0,29.0,17.0,65.0,1,1,48.0,39.0,GBR,42688.3263728372,63711000.0,80.9048780487805
2012,GBS,0.0,0.0,0.0,0.0,1,0,0.0,0.0,GNB,635.461653303881,1651417.0,58.27
2012,GEO,3.0,1.0,3.0,7.0,1,1,6.0,5.0,GEO,4530.69533409431,3728874.0,72.672
2012,GEQ,0.0,0.0,0.0,0.0,1,0,0.0,0.0,GNQ,17308.5723924575,1293483.0,59.301
2012,GER,14.0,11.0,19.0,44.0,1,1,41.0,45.0,DEU,44718.0159214069,80425823.0,80.5390243902439
2012,GHA,0.0,0.0,0.0,0.0,1,0,0.0,0.0,GHA,1543.77524235764,26734268.0,61.995
2012,GRE,2.0,0.0,0.0,2.0,1,1,4.0,10.0,GRC,21624.346052551,11045011.0,80.6341463414634
2012,GRN,0.0,1.0,0.0,1.0,1,1,0.0,0.0,GRD,7092.71985352677,112775.0,74.961
2012,GUA,0.0,0.0,1.0,1.0,1,1,0.0,0.0,GTM,3286.61959336267,15089647.0,70.722
2012,GUI,0.0,0.0,0.0,0.0,1,0,0.0,0.0,GIN,699.353377212197,10921581.0,57.117
2012,GUM,0.0,0.0,0.0,0.0,1,0,0.0,0.0,GUM,31653.7506538168,166331.0,76.237
2012,GUY,0.0,0.0,0.0,0.0,1,0,0.0,0.0,GUY,5444.39751913913,746288.0,66.443
2012,HAI,0.0,0.0,0.0,0.0,1,0,0.0,0.0,HTI,1361.39396587374,10069771.0,62.273
2012,HKG,1.0,0.0,0.0,1.0,1,1,0.0,0.5,CHN,6405.0574241349,1354190000.0,76.2
2012,HON,0.0,0.0,0.0,0.0,1,0,0.0,0.0,HND,2126.03474686503,8715076.0,70.46
2012,HUN,6.0,8.0,4.0,18.0,1,1,10.0,13.5,HUN,12950.1594488143,9920362.0,75.0634146341463
2012,INA,1.0,0.0,1.0,2.0,1,1,5.0,4.5,IDN,3632.27254030331,252698525.0,68.862
2012,IND,4.0,0.0,2.0,6.0,1,1,3.0,2.0,IND,1429.32199520032,1278674502.0,68.076
2012,IOA,0.0,0.0,0.0,0.0,1,0,0.0,1.5,,3232.570068130985,6577959.0,70.65100000000001
2012,IRI,3.0,4.0,5.0,12.0,1,1,2.0,4.0,IRN,8114.08099831877,79370580.0,75.039
2012,IRL,3.0,1.0,1.0,5.0,1,1,3.0,1.5,IRL,49335.8408099555,4599533.0,80.8463414634146
2012,IRQ,0.0,0.0,0.0,0.0,1,0,0.0,0.0,IRQ,6477.59618450955,33654842.0,68.827
2012,ISL,0.0,0.0,0.0,0.0,1,0,1.0,0.5,ISL,46594.9869146614,320716.0,82.9170731707317
2012,ISR,0.0,0.0,0.0,0.0,1,0,1.0,1.5,ISR,33268.7066672115,7910500.0,81.7048780487805
2012,ISV,0.0,0.0,0.0,0.0,1,0,0.0,0.0,VIR,37795.3192590675,108188.0,78.5170731707317
2012,ITA,11.0,8.0,9.0,28.0,1,1,27.0,29.5,ITA,34854.3949441965,60191247.0,82.2390243902439
2012,IVB,0.0,0.0,0.0,0.0,1,0,0.0,0.0,VGB,3232.570068130985,30345.0,76.433
2012,JAM,4.0,4.0,4.0,12.0,1,1,9.0,7.0,JAM,5340.83333232158,2772430.0,72.405
2012,JOR,0.0,0.0,0.0,0.0,1,0,0.0,0.0,JOR,4593.83609729005,7587127.0,74.087
2012,JPN,17.0,7.0,14.0,38.0,1,1,25.0,31.0,JPN,49626.6830327571,127629000.0,83.0960975609756
2012,KAZ,5.0,7.0,1.0,13.0,1,1,13.0,10.5,KAZ,12018.7966527993,17306106.0,69.939
2012,KEN,5.0,2.0,4.0,11.0,1,1,15.0,11.0,KEN,1285.00536171512,43888303.0,61.537
2012,KGZ,0.0,0.0,0.0,0.0,1,0,2.0,1.0,KGZ,1168.62244675446,5652076.0,70.0024390243902
2012,KIR,0.0,0.0,0.0,0.0,1,0,0.0,0.0,KIR,1843.55336349889,112284.0,65.908
2012,KOR,7.0,13.0,8.0,28.0,1,1,31.0,30.5,KOR,26600.5477433903,50199853.0,80.819512195122
2012,KSA,1.0,0.0,0.0,1.0,1,1,0.0,0.0,SAU,28733.4375513452,26168861.0,76.09
2012,KUW,1.0,0.0,0.0,1.0,1,1,0.0,0.0,KWT,52155.2225833921,3337109.0,78.3950243902439
2012,LAO,0.0,0.0,0.0,0.0,1,0,0.0,0.0,LAO,1563.5650771337,6518978.0,65.126
2012,LAT,1.0,1.0,0.0,2.0,1,1,3.0,3.5,LVA,13329.3499931271,2034319.0,73.7780487804878
2012,LBA,0.0,0.0,0.0,0.0,1,0,0.0,0.0,LBY,14975.8902795144,6179328.0,72.188
2012,LBR,0.0,0.0,0.0,0.0,1,0,0.0,0.0,LBR,638.368751462083,4373043.0,59.785
2012,LCA,0.0,0.0,0.0,0.0,1,0,0.0,0.0,LCA,9260.30006551714,172587.0,72.86
2012,LES,0.0,0.0,0.0,0.0,1,0,0.0,0.0,LSO,1217.93071228944,2034354.0,48.235
2012,LIB,0.0,0.0,0.0,0.0,1,0,0.0,0.0,LBN,8406.98405608118,5235742.0,77.941
2012,LIE,0.0,0.0,0.0,0.0,1,0,0.0,0.0,LIE,148842.035144342,36657.0,82.3829268292683
2012,LTU,2.0,2.0,1.0,5.0,1,1,5.0,4.0,LTU,14288.1853493139,2989139.0,73.8634146341464
2012,LUX,0.0,0.0,0.0,0.0,1,0,0.0,0.0,LUX,112584.676270958,530946.0,81.3926829268293
2012,MAD,0.0,0.0,0.0,0.0,1,0,0.0,0.0,MDG,493.511162904211,23462438.0,63.007
2012,MAR,1.0,0.0,0.0,1.0,1,1,2.0,2.5,MAR,3164.17724609375,33355241.0,71.674
2012,MAS,1.0,0.0,1.0,2.0,1,1,1.0,0.5,MYS,10600.5744240026,29662831.0,75.552
2012,MAW,0.0,0.0,0.0,0.0,1,0,0.0,0.0,MWI,558.46208832772,15709577.0,59.87
2012,MDA,2.0,0.0,0.0,2.0,1,1,1.0,0.5,MDA,3044.8084324815,2860324.0,70.344
2012,MDV,0.0,0.0,0.0,0.0,1,0,0.0,0.0,MDV,7461.29703686309,386818.0,77.512
2012,MEX,3.0,1.0,3.0,7.0,1,1,3.0,3.5,MEX,10744.1335236186,116818208.0,74.128
2012,MGL,3.0,0.0,2.0,5.0,1,1,4.0,2.5,MNG,4328.89001905655,2839705.0,69.500243902439
2012,MHL,0.0,0.0,0.0,0.0,1,0,0.0,0.0,MHL,3514.26515490383,51419.0,64.776
2012,MKD,0.0,0.0,0.0,0.0,1,0,0.0,0.0,MKD,5049.8265386157,1929821.0,74.9024390243903
2012,MLI,0.0,0.0,0.0,0.0,1,0,0.0,0.0,MLI,872.506092463946,16957033.0,56.696
2012,MLT,0.0,0.0,0.0,0.0,1,0,0.0,0.0,MLT,22878.3095862582,420028.0,80.7463414634146
2012,MNE,0.0,0.0,1.0,1.0,1,1,0.0,0.0,MNE,6552.47970337373,621418.0,76.3
2012,MON,0.0,0.0,0.0,0.0,1,0,0.0,0.0,MCO,165444.625782803,34711.0,85.045
2012,MOZ,0.0,0.0,0.0,0.0,1,0,0.0,0.0,MOZ,685.685748199513,24337846.0,56.46
2012,MRI,0.0,0.0,0.0,0.0,1,0,1.0,0.5,MUS,9421.52514098225,1255882.0,73.8634146341464
2012,MTN,0.0,0.0,0.0,0.0,1,0,0.0,0.0,MRT,1859.11733247641,3619034.0,65.808
2012,MYA,0.0,0.0,0.0,0.0,1,0,0.0,0.0,MMR,1202.6658960055,49837446.0,64.251
2012,NAM,0.0,0.0,0.0,0.0,1,0,0.0,0.0,NAM,5942.64680978673,2194654.0,57.733
2012,NCA,0.0,0.0,0.0,0.0,1,0,0.0,0.0,NIC,1784.69836017555,5901287.0,72.435
2012,NED,8.0,6.0,6.0,20.0,1,1,16.0,19.0,NLD,50473.9442002689,16754962.0,81.1048780487805
2012,NEP,0.0,0.0,0.0,0.0,1,0,0.0,0.0,NPL,788.202937148377,27534915.0,67.364
2012,NGR,0.0,0.0,0.0,0.0,1,0,4.0,3.0,NGA,2633.19734671361,176200625.0,51.688
2012,NIG,0.0,0.0,0.0,0.0,1,0,0.0,0.0,NER,528.510104469655,17836769.0,57.987
2012,NOR,1.0,2.0,1.0,4.0,1,1,9.0,7.5,NOR,104627.93694681,5018573.0,81.4512195121951
2012,NRU,0.0,0.0,0.0,0.0,1,0,0.0,0.0,NRU,9842.77032731856,10267.0,60.533
2012,NZL,5.0,6.0,2.0,13.0,1,1,9.0,7.0,NZL,40041.7524816244,4408100.0,81.4073170731707
2012,OMA,0.0,0.0,0.0,0.0,1,0,0.0,0.0,OMN,24642.2978768596,3547106.0,78.187
2012,PAK,0.0,0.0,0.0,0.0,1,0,0.0,0.0,PAK,1204.36475491585,207667125.0,64.883
2012,PAN,0.0,0.0,0.0,0.0,1,0,1.0,0.5,PAN,11064.8063606203,3759256.0,76.877
2012,PAR,0.0,0.0,0.0,0.0,1,0,0.0,0.5,PRY,5642.1699167298,5897008.0,73.105
2012,PER,0.0,0.0,0.0,0.0,1,0,0.0,0.0,PER,6519.37852981527,29550366.0,73.979
2012,PHI,0.0,0.0,0.0,0.0,1,0,0.0,0.0,PHL,2614.61644401308,100175512.0,69.237
2012,PLE,0.0,0.0,0.0,0.0,1,0,0.0,0.0,PSE,3067.43872735614,3979998.0,73.722
2012,PLW,0.0,0.0,0.0,0.0,1,0,0.0,0.0,PLW,12098.4124331551,17765.0,68.863
2012,PNG,0.0,0.0,0.0,0.0,1,0,0.0,0.0,PNG,2635.0873631547,8081390.0,63.639
2012,POL,6.0,2.0,2.0,10.0,1,1,10.0,10.0,POL,13087.420943321,38063164.0,76.7463414634146
2012,POR,0.0,0.0,1.0,1.0,1,1,2.0,2.5,PRT,20593.4274224109,10514844.0,80.3731707317073
2012,PRK,2.0,4.0,0.0,6.0,1,1,6.0,5.5,PRK,3232.570068130985,25211728.0,71.317
2012,PUR,1.0,0.0,1.0,2.0,1,1,0.0,0.0,PRI,27742.024476618,3661045.0,79.258
2012,QAT,2.0,0.0,0.0,2.0,1,1,0.0,0.0,QAT,108470.378825036,1722438.0,80.499
2012,ROU,2.0,2.0,5.0,9.0,1,1,8.0,13.5,ROU,8929.95366231474,20058035.0,74.4121951219512
2012,RSA,1.0,3.0,2.0,6.0,1,1,1.0,3.5,ZAF,8076.97678479741,53782567.0,61.737
2012,RUS,32.0,24.0,26.0,82.0,1,1,72.0,81.0,RUS,15401.8515625,143378447.0,70.0721951219512
2012,RWA,0.0,0.0,0.0,0.0,1,0,0.0,0.0,RWA,697.760143509565,10829901.0,64.189
2012,SAM,0.0,0.0,0.0,0.0,1,0,0.0,0.0,WSM,3934.60320799981,196498.0,71.159
2012,SEN,0.0,0.0,0.0,0.0,1,0,0.0,0.0,SEN,1326.83798848379,13310495.0,65.229
2012,SEY,0.0,0.0,0.0,0.0,1,0,0.0,0.0,SYC,12337.1554669388,88303.0,74.2756097560976
2012,SGP,2.0,0.0,0.0,2.0,1,1,1.0,0.5,,3232.570068130985,6577959.0,70.65100000000001
2012,SKN,0.0,0.0,0.0,0.0,1,0,0.0,0.0,KNA,17532.0559008608,47033.0,71.362
2012,SLE,0.0,0.0,0.0,0.0,1,0,0.0,0.0,SLE,937.504428180231,6551080.0,53.159
2012,SLO,2.0,1.0,1.0,4.0,1,1,5.0,4.5,SVN,22442.1417859955,2057159.0,80.1243902439024
2012,SMR,0.0,0.0,0.0,0.0,1,0,0.0,0.0,SMR,47945.8917557105,33469.0,83.943
2012,SOL,0.0,0.0,0.0,0.0,1,0,0.0,0.0,SLB,2066.25738638356,573606.0,68.961
2012,SOM,0.0,0.0,0.0,0.0,1,0,0.0,0.0,SOM,350.261946720512,12461160.0,49.138
2012,SRB,2.0,1.0,1.0,4.0,1,1,3.0,1.5,SRB,6263.04086072815,7201497.0,74.8365853658537
2012,SRI,0.0,0.0,0.0,0.0,1,0,0.0,0.0,LKA,3327.77612404326,21169458.0,75.187
2012,STP,0.0,0.0,0.0,0.0,1,0,0.0,0.0,STP,1210.7926479817,189439.0,64.505
2012,SUD,0.0,0.0,0.0,0.0,1,0,1.0,0.5,SDN,1019.22210693359,36923178.0,63.427
2012,SUI,0.0,2.0,2.0,4.0,1,1,7.0,6.0,CHE,87269.5594780124,7996861.0,82.6975609756098
2012,SUR,0.0,0.0,0.0,0.0,1,0,0.0,0.0,SUR,8851.24050668908,562633.0,69.957
2012,SVK,3.0,0.0,1.0,4.0,1,1,6.0,6.0,SVK,17516.9691054078,5407579.0,76.109756097561
2012,SWE,3.0,1.0,4.0,8.0,1,1,5.0,6.0,SWE,57749.5615420853,9519374.0,81.7048780487805
2012,SWZ,0.0,0.0,0.0,0.0,1,0,0.0,0.0,SWZ,4224.54789174487,1123863.0,50.714
2012,SYR,0.0,0.0,0.0,0.0,1,0,0.0,0.5,SYR,1897.66115018696,22759763.0,66.206
2012,TAN,0.0,0.0,0.0,0.0,1,0,0.0,0.0,TZA,861.969909667969,47374260.0,62.286
2012,TGA,0.0,0.0,0.0,0.0,1,0,0.0,0.0,TON,4384.17058724217,107460.0,71.546
2012,THA,1.0,0.0,2.0,3.0,1,1,4.0,6.0,THA,5725.52802835463,69436098.0,75.59
2012,TJK,1.0,0.0,0.0,1.0,1,1,2.0,1.0,TJK,952.452819695469,8014084.0,69.13
2012,TKM,0.0,0.0,0.0,0.0,1,0,0.0,0.0,TKM,6053.8748468749,5808546.0,68.961
2012,TLS,0.0,0.0,0.0,0.0,1,0,0.0,0.0,TLS,1022.61903188429,1134885.0,64.384
2012,TOG,0.0,0.0,0.0,0.0,1,0,1.0,0.5,TGO,813.611525037432,6653718.0,57.953
2012,TPE,1.0,0.0,1.0,2.0,1,1,4.0,4.5,,3232.570068130985,6577959.0,70.65100000000001
2012,TTO,2.0,1.0,1.0,4.0,1,1,2.0,1.5,TTO,20332.1389531925,1335194.0,72.513
2012,TUN,1.0,1.0,1.0,3.0,1,1,1.0,0.5,TUN,4297.26782454273,11009647.0,74.599
2012,TUR,1.0,2.0,2.0,5.0,1,1,7.0,9.0,TUR,11776.7593362033,75175827.0,75.552
2012,TUV,0.0,0.0,0.0,0.0,1,0,0.0,0.0,,3232.570068130985,6577959.0,70.65100000000001
2012,UAE,0.0,0.0,0.0,0.0,1,0,0.0,0.5,ARE,53141.6251661086,7391448.0,81.913
2012,UGA,0.0,1.0,0.0,1.0,1,1,0.0,0.0,UGA,795.222867553127,34337438.0,61.579
2012,UKR,9.0,6.0,5.0,20.0,1,1,27.0,24.5,UKR,3951.34228515625,46210056.0,71.09
2012,URU,0.0,0.0,0.0,0.0,1,0,0.0,0.0,URY,16259.5940814256,3335401.0,76.691
2012,USA,29.0,46.0,28.0,103.0,1,1,110.0,105.5,USA,51708.3940614082,314339099.0,78.7414634146342
2012,UZB,2.0,1.0,0.0,3.0,1,1,6.0,5.5,UZB,2573.95586785056,29261903.0,70.411
2012,VAN,0.0,0.0,0.0,0.0,1,0,0.0,0.0,VUT,3004.78416664293,248883.0,69.898
2012,VEN,0.0,1.0,0.0,1.0,1,1,1.0,1.5,VEN,12582.0125686037,29553826.0,73.086
2012,VIE,0.0,0.0,0.0,0.0,1,0,1.0,0.5,VNM,2185.11767654291,89510356.0,73.762
2012,VIN,0.0,0.0,0.0,0.0,1,0,0.0,0.0,VCT,6713.80768643865,108736.0,70.539
2012,YEM,0.0,0.0,0.0,0.0,1,0,0.0,0.0,YEM,1245.05068272078,28433647.0,67.569
2012,ZAM,0.0,0.0,0.0,0.0,1,0,0.0,0.0,ZMB,1710.05061343728,14913629.0,58.704
2012,ZIM,0.0,0.0,0.0,0.0,1,0,4.0,3.5,ZWE,1239.22709745709,13817887.0,55.386
2016,AFG,0.0,0.0,0.0,0.0,1,0,1.0,1.0,AFG,522.082215583898,34700612.0,62.646
2016,ALB,0.0,0.0,0.0,0.0,1,0,0.0,0.0,ALB,4457.63412207495,2689469.0,78.643
2016,ALG,0.0,0.0,2.0,2.0,1,1,1.0,1.5,DZA,4424.98529027556,40850721.0,75.31
2016,AND,0.0,0.0,0.0,0.0,1,0,0.0,0.0,AND,40129.8192026671,72181.0,84.489
2016,ANG,0.0,0.0,0.0,0.0,1,0,0.0,0.0,AGO,2082.37343594705,29183070.0,61.619
2016,ANT,0.0,0.0,0.0,0.0,1,0,0.0,0.0,ATG,16556.8551801588,89969.0,76.968
2016,ARG,0.0,3.0,1.0,4.0,1,1,4.0,5.0,ARG,12699.9623137756,43900313.0,76.105
2016,ARM,0.0,1.0,3.0,4.0,1,1,3.0,4.5,ARM,3524.42476874707,2992300.0,74.8682926829268
2016,ARU,0.0,0.0,0.0,0.0,1,0,0.0,0.0,ABW,27441.5502144601,108727.0,75.54
2016,ASA,0.0,0.0,0.0,0.0,1,0,0.0,0.0,ASM,12843.3342903627,52245.0,72.64
2016,AUS,10.0,8.0,11.0,29.0,1,1,35.0,40.5,AUS,50084.4440606385,24190907.0,82.4487804878049
2016,AUT,1.0,0.0,0.0,1.0,1,1,0.0,1.5,AUT,45061.4993920192,8736668.0,81.6414634146342
2016,AZE,10.0,1.0,7.0,18.0,1,1,10.0,8.5,AZE,3880.6852276838,9757812.0,72.568
2016,BAH,1.0,1.0,0.0,2.0,1,1,1.0,1.5,BHS,30616.5363157284,388055.0,74.042
2016,BAN,0.0,0.0,0.0,0.0,1,0,0.0,0.0,BGD,1649.28380858601,160811932.0,71.075
2016,BAR,0.0,0.0,0.0,0.0,1,0,0.0,0.0,BRB,20311.4094163764,279598.0,76.168
2016,BDI,0.0,0.0,1.0,1.0,1,1,0.0,0.0,BDI,232.937812100153,11239451.0,60.789
2016,BEL,2.0,2.0,2.0,6.0,1,1,3.0,2.5,BEL,41854.5498296444,11331422.0,81.4390243902439
2016,BEN,0.0,0.0,0.0,0.0,1,0,0.0,0.0,BEN,1010.5338961993,11697842.0,59.283
2016,BER,0.0,0.0,0.0,0.0,1,0,0.0,0.0,BMU,108747.356144305,63449.0,80.476
2016,BHU,0.0,0.0,0.0,0.0,1,0,0.0,0.0,BTN,3152.30905106786,747866.0,71.119
2016,BIH,0.0,0.0,0.0,0.0,1,0,0.0,0.0,BIH,4928.5665903114,3473003.0,77.124
2016,BIZ,0.0,0.0,0.0,0.0,1,0,0.0,0.0,BLZ,6140.86713919469,364705.0,71.843
2016,BLR,4.0,1.0,4.0,9.0,1,1,12.0,15.0,BLR,5039.77560949445,9469379.0,73.8268292682927
2016,BOL,0.0,0.0,0.0,0.0,1,0,0.0,0.0,BOL,3035.87347732132,11180020.0,67.392
2016,BOT,0.0,0.0,0.0,0.0,1,0,1.0,0.5,BWA,6749.05994339013,2234776.0,64.32
2016,BRA,6.0,7.0,6.0,19.0,1,1,17.0,16.5,BRA,8836.28652735657,203218114.0,75.081
2016,BRN,0.0,1.0,1.0,2.0,1,1,1.0,0.5,BHR,23800.001440631,1423726.0,80.407
2016,BRU,0.0,0.0,0.0,0.0,1,0,0.0,0.0,BRN,26663.2972950602,427564.0,74.905
2016,BUL,2.0,0.0,1.0,3.0,1,1,2.0,3.5,BGR,7822.89886431732,6894139.0,74.8121951219512
2016,BUR,0.0,0.0,0.0,0.0,1,0,0.0,0.0,BFA,663.742364842886,19334856.0,59.173
2016,CAF,0.0,0.0,0.0,0.0,1,0,0.0,0.0,CAF,387.176203444318,4713663.0,50.999
2016,CAM,0.0,0.0,0.0,0.0,1,0,0.0,0.0,KHM,1675.19555711109,15852803.0,69.635
2016,CAN,15.0,4.0,3.0,22.0,1,1,18.0,18.5,CAN,42314.1033623905,36110803.0,81.94
2016,CAY,0.0,0.0,0.0,0.0,1,0,0.0,0.0,CYM,77802.2541567187,63100.0,78.367
2016,CGO,0.0,0.0,0.0,0.0,1,0,0.0,0.0,COG,2093.10728558843,5222536.0,63.911
2016,CHA,0.0,0.0,0.0,0.0,1,0,0.0,0.0,TCD,861.831767630746,15114655.0,51.603
2016,CHI,0.0,0.0,0.0,0.0,1,0,0.0,0.5,CHL,13649.8520452803,18267221.0,80.295
2016,CHN,26.0,26.0,18.0,70.0,1,1,88.0,94.0,CHN,8254.86859320357,1387790000.0,77.214
2016,CIV,1.0,1.0,0.0,2.0,1,1,0.0,0.0,CIV,1862.59597081287,25989405.0,58.814
2016,CMR,0.0,0.0,0.0,0.0,1,0,0.0,0.5,CMR,1441.7201725688,23454161.0,60.293
2016,COD,0.0,0.0,0.0,0.0,1,0,0.0,0.0,COD,459.765036590388,83956415.0,59.081
2016,COK,0.0,0.0,0.0,0.0,1,0,0.0,0.0,COK,3232.570068130985,6577959.0,70.65100000000001
2016,COL,3.0,3.0,2.0,8.0,1,1,8.0,5.0,COL,5959.84250367574,47437512.0,76.228
2016,COM,0.0,0.0,0.0,0.0,1,0,0.0,0.0,COM,1365.48403444497,741741.0,64.792
2016,CPV,0.0,0.0,0.0,0.0,1,0,0.0,0.0,CPV,3608.96605234906,512554.0,74.35
2016,CRC,0.0,0.0,0.0,0.0,1,0,0.0,0.0,CRI,12091.0301560892,4866998.0,79.988
2016,CRO,2.0,5.0,3.0,10.0,1,1,6.0,5.5,HRV,12820.1872746645,4106867.0,77.9219512195122
2016,CUB,4.0,5.0,2.0,11.0,1,1,14.0,19.0,CUB,8110.55874283616,11265612.0,77.571
2016,CYP,0.0,0.0,0.0,0.0,1,0,1.0,0.5,CYP,24280.044921875,1237112.0,81.534
2016,CZE,7.0,1.0,2.0,10.0,1,1,10.0,8.0,CZE,18753.9686718096,10566332.0,79.0268292682927
2016,DEN,7.0,2.0,6.0,15.0,1,1,9.0,8.0,DNK,54500.9260410217,5728010.0,80.8536585365854
2016,DJI,0.0,0.0,0.0,0.0,1,0,0.0,0.0,DJI,2510.4300076241,1037653.0,63.335
2016,DMA,0.0,0.0,0.0,0.0,1,0,0.0,0.0,DMA,8802.56172041363,69606.0,71.189
2016,DOM,1.0,0.0,0.0,1.0,1,1,2.0,2.0,DOM,7160.44200982307,10551430.0,72.889
2016,ECU,0.0,0.0,0.0,0.0,1,0,0.0,0.5,ECU,5917.63771271481,16505139.0,76.094
2016,EGY,3.0,0.0,0.0,3.0,1,1,2.0,1.5,EGY,3270.6287768197,101644589.0,70.437
2016,ERI,0.0,0.0,0.0,0.0,1,0,0.0,0.0,ERI,3232.570068130985,3124698.0,66.242
2016,ESA,0.0,0.0,0.0,0.0,1,0,0.0,0.0,SLV,3901.34014965811,6200800.0,70.908
2016,ESP,6.0,7.0,4.0,17.0,1,1,17.0,17.5,ESP,26755.6061149398,46458139.0,83.3292682926829
2016,EST,1.0,0.0,0.0,1.0,1,1,2.0,2.0,EST,18666.3736521706,1315790.0,77.6414634146342
2016,ETH,5.0,1.0,2.0,8.0,1,1,7.0,7.0,ETH,641.651523286233,106718162.0,64.162
2016,FIJ,0.0,1.0,0.0,1.0,1,1,0.0,0.0,FJI,5363.79026679243,919166.0,66.657
2016,FIN,1.0,0.0,0.0,1.0,1,1,3.0,3.5,FIN,43451.2562442158,5495303.0,81.4292682926829
2016,FRA,14.0,10.0,18.0,42.0,1,1,35.0,38.0,FRA,37024.2157133669,66724104.0,82.5731707317073
2016,FSM,0.0,0.0,0.0,0.0,1,0,0.0,0.0,FSM,2997.93719917488,109075.0,65.576
2016,GAB,0.0,0.0,0.0,0.0,1,0,1.0,0.5,GAB,6677.07003901644,2100306.0,66.583
2016,GAM,0.0,0.0,0.0,0.0,1,0,0.0,0.0,GMB,650.056501323611,2283769.0,63.386
2016,GBR,17.0,27.0,23.0,67.0,1,1,65.0,56.5,GBR,41258.5374285695,65606000.0,81.1560975609756
2016,GBS,0.0,0.0,0.0,0.0,1,0,0.0,0.0,GNB,679.665386626818,1831893.0,60.619
2016,GEO,4.0,2.0,1.0,7.0,1,1,7.0,6.5,GEO,4143.40125686315,3727505.0,73.136
2016,GEQ,0.0,0.0,0.0,0.0,1,0,0.0,0.0,GNQ,7453.19797948517,1508186.0,61.081
2016,GER,15.0,17.0,10.0,42.0,1,1,44.0,42.5,DEU,42948.9381932694,82348669.0,80.990243902439
2016,GHA,0.0,0.0,0.0,0.0,1,0,0.0,0.0,GHA,1912.47991339951,29356742.0,63.522
2016,GRE,2.0,3.0,1.0,6.0,1,1,2.0,3.0,GRC,17919.2426377048,10775971.0,81.3878048780488
2016,GRN,0.0,0.0,1.0,1.0,1,1,1.0,0.5,GRD,9221.23461079424,115130.0,75.01
2016,GUA,0.0,0.0,0.0,0.0,1,0,1.0,0.5,GTM,4060.13784737643,16268760.0,71.215
2016,GUI,0.0,0.0,0.0,0.0,1,0,0.0,0.0,GIN,711.996509782316,12073030.0,58.49
2016,GUM,0.0,0.0,0.0,0.0,1,0,0.0,0.0,GUM,35930.6594898711,164233.0,76.449
2016,GUY,0.0,0.0,0.0,0.0,1,0,0.0,0.0,GUY,5870.87823759835,763548.0,68.069
2016,HAI,0.0,0.0,0.0,0.0,1,0,0.0,0.0,HTI,1318.40268167953,10671457.0,63.325
2016,HKG,0.0,0.0,0.0,0.0,1,0,1.0,0.5,CHN,8254.86859320357,1387790000.0,77.214
2016,HON,0.0,0.0,0.0,0.0,1,0,0.0,0.0,HND,2307.34468351082,9412380.0,71.615
2016,HUN,4.0,8.0,3.0,15.0,1,1,18.0,14.0,HUN,13215.8605277789,9759755.0,76.0634146341464
2016,INA,0.0,1.0,2.0,3.0,1,1,2.0,3.5,IDN,3521.46943457574,264627418.0,69.733
2016,IND,1.0,0.0,1.0,2.0,1,1,6.0,4.5,IND,1707.50892912243,1343944296.0,69.709
2016,IOA,1.0,1.0,0.0,2.0,1,1,0.0,0.0,,3232.570068130985,6577959.0,70.65100000000001
2016,IRI,4.0,3.0,1.0,8.0,1,1,12.0,7.0,IRN,5710.59947089104,83812228.0,76.155
2016,IRL,0.0,0.0,2.0,2.0,1,1,5.0,4.0,IRL,64129.5571542383,4762722.0,81.6536585365854
2016,IRQ,0.0,0.0,0.0,0.0,1,0,0.0,0.0,IRQ,4334.42096404188,38469627.0,68.683
2016,ISL,0.0,0.0,0.0,0.0,1,0,0.0,0.5,ISL,62854.0906407932,335439.0,82.2048780487805
2016,ISR,2.0,0.0,0.0,2.0,1,1,0.0,0.5,ISR,37571.2561196275,8546000.0,82.4073170731707
2016,ISV,0.0,0.0,0.0,0.0,1,0,0.0,0.0,VIR,35324.9748874586,107516.0,79.1682926829268
2016,ITA,8.0,8.0,12.0,28.0,1,1,28.0,27.5,ITA,31391.5692898108,60115223.0,83.2439024390244
2016,IVB,0.0,0.0,0.0,0.0,1,0,0.0,0.0,VGB,3232.570068130985,33878.0,76.624
2016,JAM,2.0,6.0,3.0,11.0,1,1,12.0,10.5,JAM,5302.29553353854,2809915.0,72.052
2016,JOR,0.0,1.0,0.0,1.0,1,1,0.0,0.0,JOR,4366.06999647268,10006367.0,75.55
2016,JPN,21.0,12.0,8.0,41.0,1,1,38.0,31.5,JPN,40214.9688631562,127076000.0,83.9848780487805
2016,KAZ,10.0,3.0,5.0,18.0,1,1,13.0,13.0,KAZ,7475.56688689424,18363600.0,72.549
2016,KEN,1.0,6.0,6.0,13.0,1,1,11.0,13.0,KEN,1554.12610314423,48139687.0,62.526
2016,KGZ,0.0,0.0,0.0,0.0,1,0,0.0,1.0,KGZ,1103.27489428412,6175338.0,70.9512195121951
2016,KIR,0.0,0.0,0.0,0.0,1,0,0.0,0.0,KIR,1742.66799324117,118478.0,65.799
2016,KOR,9.0,9.0,3.0,21.0,1,1,28.0,29.5,KOR,30832.0628072516,51217803.0,82.2756097560976
2016,KOS,0.0,1.0,0.0,1.0,1,1,0.0,0.0,XKX,3759.44777525332,1777568.0,76.748
2016,KSA,0.0,0.0,0.0,0.0,1,0,1.0,0.5,SAU,22267.7217050387,30954198.0,78.354
2016,LAO,0.0,0.0,0.0,0.0,1,0,0.0,0.0,LAO,2303.22156035363,6908802.0,67.014
2016,LAT,0.0,0.0,0.0,0.0,1,0,2.0,2.5,LVA,13838.5266823272,1959537.0,74.580487804878
2016,LBA,0.0,0.0,0.0,0.0,1,0,0.0,0.0,LBY,7525.80299308216,6632126.0,71.799
2016,LBR,0.0,0.0,0.0,0.0,1,0,0.0,0.0,LBR,714.613063145659,4755608.0,60.483
2016,LCA,0.0,0.0,0.0,0.0,1,0,0.0,0.0,LCA,10638.1269396653,175646.0,72.552
2016,LES,0.0,0.0,0.0,0.0,1,0,0.0,0.0,LSO,992.491840678465,2130422.0,52.908
2016,LIB,0.0,0.0,0.0,0.0,1,0,0.0,0.0,LBN,8089.012088155,6323060.0,78.306
2016,LIE,0.0,0.0,0.0,0.0,1,0,0.0,0.0,LIE,165375.491396259,37716.0,82.2585365853659
2016,LTU,3.0,0.0,1.0,4.0,1,1,5.0,5.0,LTU,14934.2702840428,2877325.0,74.6707317073171
2016,LUX,0.0,0.0,0.0,0.0,1,0,0.0,0.0,LUX,106899.293549552,582014.0,82.6853658536585
2016,MAD,0.0,0.0,0.0,0.0,1,0,0.0,0.0,MDG,453.970714522463,26099952.0,63.431
2016,MAR,1.0,0.0,0.0,1.0,1,1,1.0,1.5,MAR,3140.85546875,35023457.0,73.228
2016,MAS,1.0,0.0,4.0,5.0,1,1,2.0,1.5,MYS,9476.53409809923,31789685.0,75.371
2016,MAW,0.0,0.0,0.0,0.0,1,0,0.0,0.0,MWI,450.506105510719,17557739.0,63.163
2016,MDA,0.0,0.0,0.0,0.0,1,0,2.0,1.5,MDA,2847.08794770479,2803186.0,70.179
2016,MDV,0.0,0.0,0.0,0.0,1,0,0.0,0.0,MDV,9947.80744731739,443308.0,78.913
2016,MEX,2.0,0.0,3.0,5.0,1,1,7.0,5.0,MEX,9097.92397674769,122251351.0,74.376
2016,MGL,1.0,0.0,1.0,2.0,1,1,5.0,4.5,MNG,3619.90026383792,3088856.0,70.2239024390244
2016,MHL,0.0,0.0,0.0,0.0,1,0,0.0,0.0,MHL,4229.80988911945,47709.0,65.477
2016,MKD,0.0,0.0,0.0,0.0,1,0,0.0,0.0,MKD,5598.48622617967,1906313.0,75.4
2016,MLI,0.0,0.0,0.0,0.0,1,0,0.0,0.0,MLI,872.468587171653,19191289.0,58.286
2016,MLT,0.0,0.0,0.0,0.0,1,0,0.0,0.0,MLT,26459.0644285369,454505.0,82.3536585365854
2016,MNE,0.0,0.0,0.0,0.0,1,0,1.0,0.5,MNE,6968.01202883651,625353.0,76.5414634146342
2016,MON,0.0,0.0,0.0,0.0,1,0,0.0,0.0,MCO,173604.669723126,37276.0,85.63
2016,MOZ,0.0,0.0,0.0,0.0,1,0,0.0,0.0,MOZ,441.489734819071,27337105.0,59.455
2016,MRI,0.0,0.0,0.0,0.0,1,0,0.0,0.5,MUS,10095.1225574156,1263747.0,74.3948780487805
2016,MTN,0.0,0.0,0.0,0.0,1,0,0.0,0.0,MRT,1568.00551190332,4086657.0,66.823
2016,MYA,0.0,0.0,0.0,0.0,1,0,0.0,0.0,MMR,1229.19713515893,51495696.0,65.64
2016,NAM,0.0,0.0,0.0,0.0,1,0,0.0,0.0,NAM,4395.68776162376,2439213.0,60.81
2016,NCA,0.0,0.0,0.0,0.0,1,0,0.0,0.0,NIC,2131.68704828322,6232666.0,73.18
2016,NED,4.0,8.0,7.0,19.0,1,1,20.0,18.0,NLD,46808.5291492503,17030314.0,81.5609756097561
2016,NEP,0.0,0.0,0.0,0.0,1,0,0.0,0.0,NPL,877.256454696737,27955462.0,68.444
2016,NGR,1.0,0.0,0.0,1.0,1,1,0.0,2.0,NGA,2070.4127339595,195443700.0,52.189
2016,NIG,0.0,0.0,1.0,1.0,1,1,0.0,0.0,NER,499.910520068193,20685753.0,59.228
2016,NOR,4.0,0.0,0.0,4.0,1,1,4.0,6.5,NOR,73222.4006864905,5234519.0,82.4073170731707
2016,NRU,0.0,0.0,0.0,0.0,1,0,0.0,0.0,NRU,8748.15632605428,11150.0,60.996
2016,NZL,5.0,4.0,9.0,18.0,1,1,13.0,11.0,NZL,40088.3205470499,4714100.0,81.6585365853659
2016,OMA,0.0,0.0,0.0,0.0,1,0,0.0,0.0,OMN,17110.1897460545,4390877.0,79.581
2016,PAK,0.0,0.0,0.0,0.0,1,0,0.0,0.0,PAK,1424.69161195897,220138869.0,65.943
2016,PAN,0.0,0.0,0.0,0.0,1,0,0.0,0.5,PAN,14832.3611608191,4029086.0,77.772
2016,PAR,0.0,0.0,0.0,0.0,1,0,0.0,0.0,PRY,5775.1596339946,6249126.0,73.487
2016,PER,0.0,0.0,0.0,0.0,1,0,0.0,0.0,PER,6217.03599995447,30866494.0,75.951
2016,PHI,0.0,0.0,1.0,1.0,1,1,0.0,0.0,PHL,2985.19564024046,106735719.0,69.49
2016,PLE,0.0,0.0,0.0,0.0,1,0,0.0,0.0,PSE,3527.61382413178,4367088.0,74.917
2016,PLW,0.0,0.0,0.0,0.0,1,0,0.0,0.0,PLW,17043.6660673147,17797.0,69.046
2016,PNG,0.0,0.0,0.0,0.0,1,0,0.0,0.0,PNG,2316.39479758492,8961718.0,64.7
2016,POL,6.0,2.0,3.0,11.0,1,1,10.0,10.0,POL,12464.0121044827,37970087.0,77.8512195121951
2016,POR,1.0,0.0,0.0,1.0,1,1,1.0,1.5,PRT,19980.2808866516,10325452.0,81.1243902439025
2016,PRK,2.0,2.0,3.0,7.0,1,1,6.0,6.0,PRK,3232.570068130985,25698326.0,72.971
2016,PUR,0.0,1.0,0.0,1.0,1,1,2.0,1.0,PRI,29978.0889268918,3480432.0,80.355
2016,QAT,0.0,0.0,1.0,1.0,1,1,2.0,1.0,QAT,61253.6375482797,2477113.0,82.147
2016,ROT,0.0,0.0,0.0,0.0,1,0,0.0,0.0,,3232.570068130985,6577959.0,70.65100000000001
2016,ROU,2.0,1.0,1.0,4.0,1,1,9.0,8.5,ROU,9404.54005870715,19702267.0,75.209756097561
2016,RSA,2.0,2.0,6.0,10.0,1,1,6.0,3.5,ZAF,5651.20585165749,57259551.0,64.749
2016,RUS,20.0,19.0,17.0,56.0,1,1,82.0,77.0,RUS,8663.158203125,145015460.0,71.6512195121951
2016,RWA,0.0,0.0,0.0,0.0,1,0,0.0,0.0,RWA,721.258515833094,11919183.0,65.733
2016,SAM,0.0,0.0,0.0,0.0,1,0,0.0,0.0,WSM,4147.07097674888,203499.0,71.003
2016,SEN,0.0,0.0,0.0,0.0,1,0,0.0,0.0,SEN,1266.43957151587,15034521.0,66.724
2016,SEY,0.0,0.0,0.0,0.0,1,0,0.0,0.0,SYC,16566.9946042294,94677.0,74.309756097561
2016,SGP,0.0,1.0,0.0,1.0,1,1,2.0,1.5,,3232.570068130985,6577959.0,70.65100000000001
2016,SKN,0.0,0.0,0.0,0.0,1,0,0.0,0.0,KNA,21387.5415511103,47075.0,71.227
2016,SLE,0.0,0.0,0.0,0.0,1,0,0.0,0.0,SLE,844.416411175476,7205328.0,56.937
2016,SLO,1.0,1.0,2.0,4.0,1,1,4.0,4.5,SVN,21447.8377796036,2065042.0,81.1756097560976
2016,SMR,0.0,0.0,0.0,0.0,1,0,0.0,0.0,SMR,44359.4574206971,33101.0,84.775
2016,SOL,0.0,0.0,0.0,0.0,1,0,0.0,0.0,SLB,2082.62383124213,662379.0,69.501
2016,SOM,0.0,0.0,0.0,0.0,1,0,0.0,0.0,SOM,460.928490585175,14348740.0,55.283
2016,SRB,2.0,2.0,4.0,8.0,1,1,4.0,3.5,SRB,5982.37030126471,7058322.0,75.6878048780488
2016,SRI,0.0,0.0,0.0,0.0,1,0,0.0,0.0,LKA,4149.19189391879,21209000.0,76.136
2016,SSD,0.0,0.0,0.0,0.0,1,0,0.0,0.0,SSD,3232.570068130985,10830102.0,36.72
2016,STP,0.0,0.0,0.0,0.0,1,0,0.0,0.0,STP,1434.87018050521,203689.0,66.563
2016,SUD,0.0,0.0,0.0,0.0,1,0,0.0,0.5,SDN,1033.21594238281,41259892.0,64.677
2016,SUI,2.0,3.0,2.0,7.0,1,1,4.0,5.5,CHE,83432.4111596314,8373338.0,83.6024390243903
2016,SUR,0.0,0.0,0.0,0.0,1,0,0.0,0.0,SUR,5644.2061057532,587757.0,70.979
2016,SVK,0.0,2.0,2.0,4.0,1,1,4.0,5.0,SVK,16636.0769133073,5430798.0,77.1658536585366
2016,SWE,3.0,2.0,6.0,11.0,1,1,8.0,6.5,SWE,51703.5088332851,9923085.0,82.3073170731707
2016,SWZ,0.0,0.0,0.0,0.0,1,0,0.0,0.0,SWZ,3238.17611961364,1149507.0,56.228
2016,SYR,0.0,0.0,0.0,0.0,1,0,0.0,0.0,SYR,656.349017520952,19193834.0,65.19
2016,TAN,0.0,0.0,0.0,0.0,1,0,0.0,0.0,TZA,953.0107421875,53824013.0,64.404
2016,TGA,0.0,0.0,0.0,0.0,1,0,0.0,0.0,TON,3987.98618837043,105524.0,71.951
2016,THA,2.0,2.0,2.0,6.0,1,1,3.0,3.5,THA,5833.57715617098,70859841.0,76.769
2016,TJK,0.0,1.0,0.0,1.0,1,1,1.0,1.5,TJK,788.710481734485,8865631.0,69.982
2016,TKM,0.0,0.0,0.0,0.0,1,0,0.0,0.0,TKM,5238.00827202546,6360041.0,69.142
2016,TLS,0.0,0.0,0.0,0.0,1,0,0.0,0.0,TLS,1335.54390089814,1228312.0,65.61
2016,TOG,0.0,0.0,0.0,0.0,1,0,0.0,0.5,TGO,843.114204338675,7200884.0,59.677
2016,TPE,2.0,1.0,0.0,3.0,1,1,2.0,3.0,,3232.570068130985,6577959.0,70.65100000000001
2016,TTO,1.0,0.0,0.0,1.0,1,1,4.0,3.0,TTO,17449.1538801956,1353895.0,72.935
2016,TUN,3.0,0.0,0.0,3.0,1,1,3.0,2.0,TUN,3847.80354448809,11528674.0,75.007
2016,TUR,4.0,1.0,3.0,8.0,1,1,5.0,6.0,TUR,10984.3643169061,79277962.0,76.595
2016,TUV,0.0,0.0,0.0,0.0,1,0,0.0,0.0,,3232.570068130985,6577959.0,70.65100000000001
2016,UAE,1.0,0.0,0.0,1.0,1,1,0.0,0.0,ARE,42721.1136110991,8935095.0,82.195
2016,UGA,0.0,0.0,0.0,0.0,1,0,1.0,0.5,UGA,752.696571725656,38799152.0,64.494
2016,UKR,4.0,2.0,5.0,11.0,1,1,20.0,23.5,UKR,2158.46118164063,45616832.0,73.389
2016,URU,0.0,0.0,0.0,0.0,1,0,0.0,0.0,URY,17009.7584207276,3379283.0,77.351
2016,USA,38.0,46.0,37.0,121.0,1,1,103.0,106.5,USA,57976.628204291,324353340.0,78.5390243902439
2016,UZB,7.0,4.0,2.0,13.0,1,1,3.0,4.5,UZB,3128.42307170099,31284568.0,71.58
2016,VAN,0.0,0.0,0.0,0.0,1,0,0.0,0.0,VUT,3339.83436471043,272087.0,70.397
2016,VEN,2.0,0.0,1.0,3.0,1,1,1.0,1.0,VEN,3671.23004093383,30765720.0,72.002
2016,VIE,0.0,1.0,1.0,2.0,1,1,0.0,0.5,VNM,2735.0604380416,94000117.0,73.984
2016,VIN,0.0,0.0,0.0,0.0,1,0,0.0,0.0,VCT,7656.90042881178,106349.0,70.7
2016,YEM,0.0,0.0,0.0,0.0,1,0,0.0,0.0,YEM,975.359417003225,32109010.0,67.105
2016,ZAM,0.0,0.0,0.0,0.0,1,0,0.0,0.0,ZMB,1239.08527877713,16914423.0,61.129
2016,ZIM,0.0,0.0,0.0,0.0,1,0,0.0,2.0,ZWE,1408.13945253431,14600294.0,59.76
